<?xml version="1.0" encoding="UTF-8"?><changeHistory><change uid="jtuwwxcg-298t" user="Various individuals"/><change uid="jtux0br2-1725" user="FFS"/><change uid="jtux1iz6-shfe" user="FFS"/><change uid="jtuxrra0-l02s" user="FFS"/><change uid="jtuyf7ji-t77q" user="FFS"/><change uid="jtuyq740-5aj" user="FFS"/><change uid="jtyq1t3e-6209" user="FFS"/><change uid="jtyuzu5f-kanm" user="FFS"/><change uid="jtyw66li-7554" user="FFS"/><change uid="jtz38orc-o6wj" user="FFS"/><change uid="jtz4a86w-7zji" user="FFS"/><change uid="jtz7cdwd-ondl" user="FFS"/></changeHistory>