<?xml version='1.0' encoding='UTF-8'?>
<project name='Proyect_Inglesv1' id='8562245' tid='jtuwvlyu:8562245' labels='none' dumpFileVersion='4.7.0' dumpTimestamp='@1554174456867'>
  <teamMember name='Faviola Flores Salas' tmid='1359964754' initials='FFS' color='#000066' subteams='' startDate='@1553472000000' startCalendarDate='2019-03-25' hoursPerWeek='12.0'/>
  <teamMember name='Karla Yaneli Conde Salazar' tmid='1375279788' initials='KYCS' color='#cc0000' subteams='' startDate='@1553472000000' startCalendarDate='2019-03-25' hoursPerWeek='12.0'/>
  <teamMember name='Cindy Lorena Dominguez Salazar' tmid='322076839' initials='CLDS' color='#ffff00' subteams='' startDate='@1553472000000' startCalendarDate='2019-03-25' hoursPerWeek='12.0'/>
  <teamMember name='Brenda Marisol Figueroa Garcia' tmid='878844078' initials='BMFG' color='#990099' subteams='' startDate='@1553472000000' startCalendarDate='2019-03-25' hoursPerWeek='12.0'/>
  <milestone name='' mid='1771950' fullMid='jtuwvlyu:1771950'/>
	<component name='Semana1' id='8561605' tid='jtuwvlyu:8561605' labels='none'>
		<task name='Preparación para la reunión con el cliente para la obtencion de requerimientos(Semana 1, Reunion1)' id='8561614' tid='jtuwvlyu:8561614' labels='none' phaseName='Documentation' phaseType='DOC' time=',FFS=0.5,KYCS=0.5,CLDS=0.5,BMFG=0.5,'/>
		<task name='Reunión con el cliente para la obtención de requerimientos (semana 1, reunion1)' id='8561615' tid='jtuwvlyu:8561615' labels='none' phaseName='Documentation' phaseType='DOC' time=',FFS=1,KYCS=1,CLDS=1,BMFG=1,'/>
		<task name='Preparación reunion equipo status (semana 1)' id='8561616' tid='jtuwvlyu:8561616' labels='none' phaseName='Documentation' phaseType='DOC' time=',FFS=0.5,KYCS=0.5,CLDS=1,BMFG=0.5,'/>
		<task name='Reunión de equipo (semana 1)' id='8561856' tid='jtuwvlyu:8561856' labels='none' phaseName='Documentation' phaseType='DOC' time=',FFS=1,KYCS=1,CLDS=1,BMFG=1,'/>
		<task name='Rol gerente Lider (semana1)' id='8561857' tid='jtuwvlyu:8561857' labels='none' phaseName='Design' phaseType='DLD' time=',KYCS=1,'/>
		<task name='Rol gerente Planeación (semana1)' id='8561858' tid='jtuwvlyu:8561858' labels='none' phaseName='Design' phaseType='DLD' time=',CLDS=1,'/>
		<task name='Rol gerente Desarrollo (semana1)' id='8561859' tid='jtuwvlyu:8561859' labels='none' phaseName='Design' phaseType='DLD' time=',BMFG=1,'/>
		<task name='Rol gerente soporte (semana1)' id='8561860' tid='jtuwvlyu:8561860' labels='none' phaseName='Design' phaseType='DLD' time=',FFS=1,'/>
		<task name='Rol gerente Calidad (semana 1)' id='8561861' tid='jtuwvlyu:8561861' labels='none' phaseName='Design' phaseType='DLD' time=',FFS=0.2,KYCS=0.2,CLDS=0.2,BMFG=0.2,'/>
		<task name='Capacitación de la metodología cascada' id='8561862' tid='jtuwvlyu:8561862' labels='none' phaseName='Documentation' phaseType='DOC' time=',FFS=0.3,KYCS=0.3,CLDS=0.3,BMFG=0.3,'/>
		<task name='Capacitación de la herramienta Laravel' id='8561863' tid='jtuwvlyu:8561863' labels='none' phaseName='Documentation' phaseType='DOC' time=',FFS=0.3,KYCS=0.3,CLDS=0.3,BMFG=0.3,'/>
		<task name='Capacitación de GitHub' id='8561864' tid='jtuwvlyu:8561864' labels='none' phaseName='Documentation' phaseType='DOC' time=',FFS=0.5,KYCS=0.5,CLDS=0.5,BMFG=0.3,'/>
		<task name='Capacitacion de Process Dashboard' id='8561865' tid='jtuwvlyu:8561865' labels='none' phaseName='Documentation' phaseType='DOC' time=',FFS=0.5,KYCS=0.5,CLDS=0.5,'/>
		<task name='Capacitación de la arquitectura' id='8561892' tid='jtuwvlyu:8561892' labels='none' phaseName='Documentation' phaseType='DOC' time=',KYCS=0.5,CLDS=0.3,'/>
		<task name='Creación del SRS' id='8561893' tid='jtuwvlyu:8561893' labels='none' phaseName='Documentation' phaseType='DOC' time=',KYCS=0.5,CLDS=0.5,'/>
		<task name='Historia de usuario para agregar alumno.' id='8561894' tid='jtuwvlyu:8561894' labels='none' phaseName='Documentation' phaseType='DOC' time=',BMFG=1,'/>
		<task name='Revisión de historia de usuario para agregar alumno.' id='8561895' tid='jtuwvlyu:8561895' labels='none' phaseName='Documentation' phaseType='DOC' time=',BMFG=0.5,'/>
		<task name='Corrección de historia de usuario para agregar alumno.' id='8561896' tid='jtuwvlyu:8561896' labels='none' phaseName='Documentation' phaseType='DOC' time=',CLDS=0.5,'/>
		<task name='Historia de usuario para agregar número de control del alumno' id='8561897' tid='jtuwvlyu:8561897' labels='none' phaseName='Documentation' phaseType='DOC' time=',FFS=0.5,'/>
		<task name='Revisión de historia de usuario para agregar número de control del alumno.' id='8561898' tid='jtuwvlyu:8561898' labels='none' phaseName='Documentation' phaseType='DOC' time=',CLDS=0.5,'/>
		<task name='Corrección de historia de usuario para agregar el número de control del alumno.' id='8561899' tid='jtuwvlyu:8561899' labels='none' phaseName='Documentation' phaseType='DOC' time=',FFS=0.5,'/>
		<task name='Historia de usuario para agregar carrera' id='8561900' tid='jtuwvlyu:8561900' labels='none' phaseName='Documentation' phaseType='DOC' time=',BMFG=0.5,'/>
		<task name='Revisión de historia de usuario para agregar carrera' id='8561901' tid='jtuwvlyu:8561901' labels='none' phaseName='Documentation' phaseType='DOC' time=',KYCS=0.7,'/>
		<task name='Corrección de historia de usuario para agregar carrera' id='8561902' tid='jtuwvlyu:8561902' labels='none' phaseName='Documentation' phaseType='DOC' time=',BMFG=0.5,'/>
		<task name='Historia de usuario para agregar calificación' id='8561903' tid='jtuwvlyu:8561903' labels='none' phaseName='Documentation' phaseType='DOC' time=',KYCS=0.5,'/>
		<task name='Revisión de historia de usuario para agregar calificación' id='8561904' tid='jtuwvlyu:8561904' labels='none' phaseName='Documentation' phaseType='DOC' time=',FFS=0.5,'/>
		<task name='Corrección de historia de usuario para agregar calificación' id='8561905' tid='jtuwvlyu:8561905' labels='none' phaseName='Documentation' phaseType='DOC' time=',FFS=0.5,'/>
		<task name='Historia de usuario para agregar pagos libro.' id='8561906' tid='jtuwvlyu:8561906' labels='none' phaseName='Documentation' phaseType='DOC' time=',BMFG=0.5,'/>
		<task name='Revisión de historia de usuario para agregar pagos libro' id='8561907' tid='jtuwvlyu:8561907' labels='none' phaseName='Documentation' phaseType='DOC' time=',BMFG=0.5,'/>
		<task name='Corrección de historia de usuario para agregar pagos libro' id='8561908' tid='jtuwvlyu:8561908' labels='none' phaseName='Documentation' phaseType='DOC' time=',KYCS=0.5,'/>
		<task name='Historia de usuario para agregar pagos curso' id='8561909' tid='jtuwvlyu:8561909' labels='none' phaseName='Documentation' phaseType='DOC' time=',FFS=0.5,'/>
		<task name='Revisión de historia de usuario para agregar pagos curso.' id='8561910' tid='jtuwvlyu:8561910' labels='none' phaseName='Documentation' phaseType='DOC' time=',KYCS=0.5,'/>
		<task name='Corrección de historia de usuario para agregar pagos curso' id='8561911' tid='jtuwvlyu:8561911' labels='none' phaseName='Documentation' phaseType='DOC' time=',BMFG=0.3,'/>
		<task name='Historia de usuario para agregar grupo.' id='8561912' tid='jtuwvlyu:8561912' labels='none' phaseName='Documentation' phaseType='DOC' time=',CLDS=0.5,'/>
		<task name='Revisión de historia de usuario para agregar grupo.' id='8561913' tid='jtuwvlyu:8561913' labels='none' phaseName='Documentation' phaseType='DOC' time=',KYCS=0.5,'/>
		<task name='Corrección de historia de usuario para agregar grupo. (2)' id='8561914' tid='jtuwvlyu:8561914' labels='none' phaseName='Documentation' phaseType='DOC' time=',CLDS=0.5,'/>
		<task name='Corrección de historia de usuario para agregar grupo.' id='8561915' tid='jtuwvlyu:8561915' labels='none' phaseName='Documentation' phaseType='DOC' time=',FFS=0.5,'/>
		<task name='Historia de usuario para editar alumno.' id='8561916' tid='jtuwvlyu:8561916' labels='none' phaseName='Documentation' phaseType='DOC' time=',FFS=0.5,'/>
		<task name='Revisión de historia de usuario para editar alumno.' id='8561917' tid='jtuwvlyu:8561917' labels='none' phaseName='Documentation' phaseType='DOC' time=',CLDS=0.5,'/>
		<task name='Corrección de historia de usuario para editar alumno.' id='8561918' tid='jtuwvlyu:8561918' labels='none' phaseName='Documentation' phaseType='DOC' time=',FFS=0.3,'/>
		<task name='Historia de usuario para editar carrera' id='8561919' tid='jtuwvlyu:8561919' labels='none' phaseName='Documentation' phaseType='DOC' time=',FFS=0.3,'/>
		<task name='Revisión de historia de usuario para editar carrera' id='8561920' tid='jtuwvlyu:8561920' labels='none' phaseName='Documentation' phaseType='DOC' time=',BMFG=0.5,'/>
		<task name='Corrección de historia de usuario para editar carrera' id='8561921' tid='jtuwvlyu:8561921' labels='none' phaseName='Documentation' phaseType='DOC' time=',FFS=0.5,'/>
		<task name='Historia de usuario para editar calificación' id='8561922' tid='jtuwvlyu:8561922' labels='none' phaseName='Documentation' phaseType='DOC' time=',BMFG=0.5,'/>
		<task name='Revisión de historia de usuario para editar calificación' id='8561923' tid='jtuwvlyu:8561923' labels='none' phaseName='Documentation' phaseType='DOC' time=',BMFG=0.5,'/>
		<task name='Corrección de historia de usuario para editar calificación' id='8561924' tid='jtuwvlyu:8561924' labels='none' phaseName='Documentation' phaseType='DOC' time=',KYCS=0.7,'/>
		<task name='Historia de usuario para editar número de control de alumno.' id='8561925' tid='jtuwvlyu:8561925' labels='none' phaseName='Documentation' phaseType='DOC' time=',CLDS=0.5,'/>
		<task name='Revisión de historia de usuario para editar número de control de  alumno.' id='8561926' tid='jtuwvlyu:8561926' labels='none' phaseName='Documentation' phaseType='DOC' time=',CLDS=0.3,BMFG=0.5,'/>
		<task name='Corrección de historia de usuario para editar número de control de alumno.' id='8561927' tid='jtuwvlyu:8561927' labels='none' phaseName='Documentation' phaseType='DOC' time=',FFS=0.5,'/>
		<task name='Historia de usuario para editar pagos libro.' id='8561928' tid='jtuwvlyu:8561928' labels='none' phaseName='Documentation' phaseType='DOC' time=',FFS=0.5,'/>
		<task name='Revisión de historia de usuario para editar pagos libro' id='8561929' tid='jtuwvlyu:8561929' labels='none' phaseName='Documentation' phaseType='DOC' time=',CLDS=0.5,'/>
		<task name='Corrección de historia de usuario para editar pagos libro' id='8561930' tid='jtuwvlyu:8561930' labels='none' phaseName='Documentation' phaseType='DOC' time=',FFS=0.5,'/>
		<task name='Validación Plan General' id='8561931' tid='jtuwvlyu:8561931' labels='none' phaseName='Documentation' phaseType='DOC' time=',CLDS=0.5,'/>
		<task name='Overhead' id='8561932' tid='jtuwvlyu:8561932' labels='none' phaseName='Design' phaseType='DLD' time=',CLDS=0.5,BMFG=0.5,'/>
	</component>
	<component name='Semana2' id='8561606' tid='jtuwvlyu:8561606' labels='none'>
		<task name='Preparación reunion equipo(Semana 2)' id='8561977' tid='jtuwvlyu:8561977' labels='none' phaseName='Documentation' phaseType='DOC' time=',FFS=5,KYCS=0.5,CLDS=1,BMFG=0.5,'/>
		<task name='Reunion Equipo Sataus (Semana 2)' id='8561978' tid='jtuwvlyu:8561978' labels='none' phaseName='Documentation' phaseType='DOC' time=',FFS=1,KYCS=1,CLDS=1,BMFG=1,'/>
		<task name='Rol Lider (semana2)' id='8561979' tid='jtuwvlyu:8561979' labels='none' phaseName='Design' phaseType='DLD' time=',KYCS=1,'/>
		<task name='Rol gerente Planeación (Semana 2)' id='8561980' tid='jtuwvlyu:8561980' labels='none' phaseName='Design' phaseType='DLD' time=',CLDS=1,'/>
		<task name='Rol gerente Desarrollo (semana 2)' id='8561981' tid='jtuwvlyu:8561981' labels='none' phaseName='Design' phaseType='DLD' time=',BMFG=1,'/>
		<task name='Rol gerente soporte (semana 2)' id='8561982' tid='jtuwvlyu:8561982' labels='none' phaseName='Design' phaseType='DLD' time=',FFS=1,'/>
		<task name='Rol gerente Calidad (semana 2)' id='8561983' tid='jtuwvlyu:8561983' labels='none' phaseName='Design' phaseType='DLD' time=',FFS=0.2,KYCS=0.2,BMFG=0.2,'/>
		<task name='Historia de usuario para editar pagos curso' id='8561984' tid='jtuwvlyu:8561984' labels='none' phaseName='Documentation' phaseType='DOC' time=',KYCS=1,CLDS=1,'/>
		<task name='Revisión de historia de usuario para editar pagos curso.' id='8561985' tid='jtuwvlyu:8561985' labels='none' phaseName='Documentation' phaseType='DOC' time=',FFS=0.5,'/>
		<task name='Corrección de historia de usuario para editar pagos curso' id='8561986' tid='jtuwvlyu:8561986' labels='none' phaseName='Documentation' phaseType='DOC' time=',KYCS=0.7,'/>
		<task name='Historia de usuario para editar grupo' id='8561987' tid='jtuwvlyu:8561987' labels='none' phaseName='Documentation' phaseType='DOC' time=',FFS=0.5,'/>
		<task name='Revisión de historia de usuario para editar grupo.' id='8561988' tid='jtuwvlyu:8561988' labels='none' phaseName='Documentation' phaseType='DOC' time=',BMFG=0.5,'/>
		<task name='Corrección de historia de usuario para editar grupo.' id='8561989' tid='jtuwvlyu:8561989' labels='none' phaseName='Documentation' phaseType='DOC' time=',FFS=0.3,'/>
		<task name='Historia de usuario para eliminar número de control de alumno.' id='8561990' tid='jtuwvlyu:8561990' labels='none' phaseName='Documentation' phaseType='DOC' time=',FFS=0.3,'/>
		<task name='Revisión de historia de usuario para eliminar número de control de alumno.' id='8561991' tid='jtuwvlyu:8561991' labels='none' phaseName='Documentation' phaseType='DOC' time=',KYCS=0.5,'/>
		<task name='Corrección de historia de usuario para eliminar número de control de alumno.' id='8561992' tid='jtuwvlyu:8561992' labels='none' phaseName='Documentation' phaseType='DOC' time=',FFS=0.3,'/>
		<task name='Historia de usuario para eliminar alumno.' id='8561993' tid='jtuwvlyu:8561993' labels='none' phaseName='Documentation' phaseType='DOC' time=',BMFG=1,'/>
		<task name='Revisión de historia de usuario para eliminar alumno.' id='8561994' tid='jtuwvlyu:8561994' labels='none' phaseName='Documentation' phaseType='DOC' time=',FFS=0.3,'/>
		<task name='Modificación de historia de usuario para eliminar alumno.' id='8561995' tid='jtuwvlyu:8561995' labels='none' phaseName='Documentation' phaseType='DOC' time=',CLDS=0.6,'/>
		<task name='Historia de usuario para eliminar grupo.' id='8561996' tid='jtuwvlyu:8561996' labels='none' phaseName='Documentation' phaseType='DOC' time=',BMFG=0.5,'/>
		<task name='Revisión de historia de usuario para eliminar grupo.' id='8561997' tid='jtuwvlyu:8561997' labels='none' phaseName='Documentation' phaseType='DOC' time=',CLDS=0.5,'/>
		<task name='Corrección de historia de usuario para eliminar grupo.' id='8561998' tid='jtuwvlyu:8561998' labels='none' phaseName='Documentation' phaseType='DOC' time=',BMFG=1,'/>
		<task name='Historia de usuario para eliminar carrera.' id='8561999' tid='jtuwvlyu:8561999' labels='none' phaseName='Documentation' phaseType='DOC' time=',BMFG=0.5,'/>
		<task name='Revisión de historia de usuario para eliminar carrera.' id='8562000' tid='jtuwvlyu:8562000' labels='none' phaseName='Documentation' phaseType='DOC' time=',KYCS=0.5,'/>
		<task name='Corrección de historia de usuario para eliminar carrera.' id='8562001' tid='jtuwvlyu:8562001' labels='none' phaseName='Documentation' phaseType='DOC' time=',BMFG=0.5,'/>
		<task name='Historia de usuario para ver pagos libro.' id='8562002' tid='jtuwvlyu:8562002' labels='none' phaseName='Documentation' phaseType='DOC' time=',CLDS=2,'/>
		<task name='Revisión de historia de usuario para ver pagos libro' id='8562003' tid='jtuwvlyu:8562003' labels='none' phaseName='Documentation' phaseType='DOC' time=',BMFG=0.5,'/>
		<task name='Corrección de historia de usuario para ver pagos libro' id='8562004' tid='jtuwvlyu:8562004' labels='none' phaseName='Documentation' phaseType='DOC' time=',FFS=0.5,'/>
		<task name='Historia de usuario para ver pagos curso' id='8562005' tid='jtuwvlyu:8562005' labels='none' phaseName='Documentation' phaseType='DOC' time=',KYCS=1,'/>
		<task name='Revisión de historia de usuario para ver pagos curso.' id='8562006' tid='jtuwvlyu:8562006' labels='none' phaseName='Documentation' phaseType='DOC' time=',KYCS=0.5,'/>
		<task name='Corrección de historia de usuario para ver pagos curso' id='8562007' tid='jtuwvlyu:8562007' labels='none' phaseName='Documentation' phaseType='DOC' time=',CLDS=0.7,'/>
		<task name='Historia de usuario para ver calificación.' id='8562008' tid='jtuwvlyu:8562008' labels='none' phaseName='Documentation' phaseType='DOC' time=',KYCS=2,'/>
		<task name='Revisión de historia de usuario para ver calificación.' id='8562009' tid='jtuwvlyu:8562009' labels='none' phaseName='Documentation' phaseType='DOC' time=',CLDS=0.7,'/>
		<task name='Corrección de historia de usuario para ver calificación.' id='8562010' tid='jtuwvlyu:8562010' labels='none' phaseName='Documentation' phaseType='DOC' time=',KYCS=0.5,'/>
		<task name='Historia de usuario para ver alumno' id='8562011' tid='jtuwvlyu:8562011' labels='none' phaseName='Documentation' phaseType='DOC' time=',CLDS=0.5,BMFG=0.5,'/>
		<task name='Revisión de historia de usuario para ver alumno.' id='8562012' tid='jtuwvlyu:8562012' labels='none' phaseName='Documentation' phaseType='DOC' time=',FFS=0.5,'/>
		<task name='Modificación de historia de usuario para ver alumno' id='8562013' tid='jtuwvlyu:8562013' labels='none' phaseName='Documentation' phaseType='DOC' time=',BMFG=0.5,'/>
		<task name='Historia de usuario para consulta por nombre' id='8562014' tid='jtuwvlyu:8562014' labels='none' phaseName='Documentation' phaseType='DOC' time=',CLDS=1,BMFG=1,'/>
		<task name='Revisión de historia de usuario para consulta por nombre' id='8562015' tid='jtuwvlyu:8562015' labels='none' phaseName='Documentation' phaseType='DOC' time=',FFS=0.5,'/>
		<task name='Corrección de historia de usuario para consulta por nombre' id='8562016' tid='jtuwvlyu:8562016' labels='none' phaseName='Documentation' phaseType='DOC' time=',BMFG=1,'/>
		<task name='Historia de usuario para consulta por carrera.' id='8562017' tid='jtuwvlyu:8562017' labels='none' phaseName='Documentation' phaseType='DOC' time=',CLDS=0.5,'/>
		<task name='Revisión de historia de usuario para consulta por carrera' id='8562018' tid='jtuwvlyu:8562018' labels='none' phaseName='Documentation' phaseType='DOC' time=',KYCS=0.5,'/>
		<task name='Corrección de historia de usuario para consulta por carrera.' id='8562019' tid='jtuwvlyu:8562019' labels='none' phaseName='Documentation' phaseType='DOC' time=',FFS=0.5,'/>
		<task name='Historia de usuario para consulta por número de control.' id='8562020' tid='jtuwvlyu:8562020' labels='none' phaseName='Documentation' phaseType='DOC' time=',KYCS=1,BMFG=0.7,'/>
		<task name='Revisión de historia de usuario para consulta por número de control.' id='8562021' tid='jtuwvlyu:8562021' labels='none' phaseName='Documentation' phaseType='DOC' time=',FFS=0.5,'/>
		<task name='Corrección de historia de usuario para consulta por número de control.' id='8562022' tid='jtuwvlyu:8562022' labels='none' phaseName='Documentation' phaseType='DOC' time=',KYCS=0.5,'/>
		<task name='Overhead' id='8562023' tid='jtuwvlyu:8562023' labels='none' phaseName='Design' phaseType='DLD' time=',KYCS=0.5,CLDS=0.5,BMFG=0.5,'/>
	</component>
	<component name='Semana3' id='8561607' tid='jtuwvlyu:8561607' labels='none'>
		<task name='Preparación para la reunión con el cliente avances (Semana3, junta 2)' id='8562024' tid='jtuwvlyu:8562024' labels='none' phaseName='Documentation' phaseType='DOC' time=',FFS=1,KYCS=1,CLDS=1,BMFG=1,'/>
		<task name='Reunión con el cliente para avances (semana 3, junta 2)' id='8562025' tid='jtuwvlyu:8562025' labels='none' phaseName='Documentation' phaseType='DOC' time=',FFS=0.5,KYCS=0.5,CLDS=0.5,BMFG=0.5,'/>
		<task name='Preparación reunion equipo(Semana3)' id='8562026' tid='jtuwvlyu:8562026' labels='none' phaseName='Documentation' phaseType='DOC' time=',FFS=0.5,KYCS=0.5,CLDS=1,BMFG=0.5,'/>
		<task name='Reunión de equipo (semana 3)' id='8562027' tid='jtuwvlyu:8562027' labels='none' phaseName='Documentation' phaseType='DOC' time=',FFS=1,KYCS=1,CLDS=1,BMFG=1,'/>
		<task name='Rol gerente Lider (semana 3)' id='8562028' tid='jtuwvlyu:8562028' labels='none' phaseName='Design' phaseType='DLD' time=',KYCS=1,'/>
		<task name='Rol gerente Planeación (semana 3)' id='8562029' tid='jtuwvlyu:8562029' labels='none' phaseName='Design' phaseType='DLD' time=',CLDS=1,'/>
		<task name='Rol gerente Desarrollo (semana 3)' id='8562030' tid='jtuwvlyu:8562030' labels='none' phaseName='Design' phaseType='DLD' time=',BMFG=1,'/>
		<task name='Rol gerente soporte (semana 3)' id='8562031' tid='jtuwvlyu:8562031' labels='none' phaseName='Design' phaseType='DLD' time=',FFS=1,'/>
		<task name='Rol gerente Calidad  (semana 3)' id='8562032' tid='jtuwvlyu:8562032' labels='none' phaseName='Design' phaseType='DLD' time=',FFS=0.2,KYCS=0.2,CLDS=0.2,BMFG=0.2,'/>
		<task name='Historia de usuario para consulta por grupo.' id='8562033' tid='jtuwvlyu:8562033' labels='none' phaseName='Documentation' phaseType='DOC' time=',BMFG=1,'/>
		<task name='Revisión de historia de usuario para consulta por grupo.' id='8562034' tid='jtuwvlyu:8562034' labels='none' phaseName='Documentation' phaseType='DOC' time=',FFS=1,'/>
		<task name='Corrección de historia de usuario para consulta por grupo.' id='8562035' tid='jtuwvlyu:8562035' labels='none' phaseName='Documentation' phaseType='DOC' time=',CLDS=0.5,'/>
		<task name='Historia de usuario para consulta correra.' id='8562036' tid='jtuwvlyu:8562036' labels='none' phaseName='Documentation' phaseType='DOC' time=',CLDS=0.5,BMFG=0.5,'/>
		<task name='Revisión de historia de usuario para consulta individualmente.' id='8562037' tid='jtuwvlyu:8562037' labels='none' phaseName='Documentation' phaseType='DOC' time=',KYCS=0.7,'/>
		<task name='Corrección de historia de usuario para consulta individualmente.' id='8562038' tid='jtuwvlyu:8562038' labels='none' phaseName='Documentation' phaseType='DOC' time=',CLDS=0.5,'/>
		<task name='Verificación del SRS' id='8562039' tid='jtuwvlyu:8562039' labels='none' phaseName='Documentation' phaseType='DOC' time=',BMFG=0.5,'/>
		<task name='Validación SRS' id='8562040' tid='jtuwvlyu:8562040' labels='none' phaseName='Documentation' phaseType='DOC' time=',BMFG=0.5,'/>
		<task name='Creación de Arquitectura de Software' id='8562041' tid='jtuwvlyu:8562041' labels='none' phaseName='Documentation' phaseType='DOC' time=',KYCS=0.7,CLDS=0.5,BMFG=0.5,'/>
		<task name='Creación de prototipos para cada historia de usuario.' id='8562042' tid='jtuwvlyu:8562042' labels='none' phaseName='Documentation' phaseType='DOC' time=',BMFG=0.5,'/>
		<task name='Revisión de prototipos de cada historia de usuario.' id='8562043' tid='jtuwvlyu:8562043' labels='none' phaseName='Documentation' phaseType='DOC' time=',KYCS=0.2,CLDS=0.2,BMFG=0.2,'/>
		<task name='Corrección de prototipos de cada historia de usuario.' id='8562044' tid='jtuwvlyu:8562044' labels='none' phaseName='Documentation' phaseType='DOC' time=',BMFG=0.5,'/>
		<task name='Creación de diagrama caso de uso' id='8562045' tid='jtuwvlyu:8562045' labels='none' phaseName='Documentation' phaseType='DOC' time=',CLDS=0.5,'/>
		<task name='Revisión de diagrama soporte (2)' id='8562046' tid='jtuwvlyu:8562046' labels='none' phaseName='Documentation' phaseType='DOC' time=',FFS=1,'/>
		<task name='Corrección de diagrama soporte (2)' id='8562047' tid='jtuwvlyu:8562047' labels='none' phaseName='Documentation' phaseType='DOC' time=',BMFG=1,'/>
		<task name='Creación de diagrama de colaboración' id='8562048' tid='jtuwvlyu:8562048' labels='none' phaseName='Documentation' phaseType='DOC' time=',CLDS=0.5,'/>
		<task name='Revisión de diagrama soporte (3)' id='8562049' tid='jtuwvlyu:8562049' labels='none' phaseName='Documentation' phaseType='DOC' time=',FFS=0.5,'/>
		<task name='Corrección de diagrama soporte (3)' id='8562050' tid='jtuwvlyu:8562050' labels='none' phaseName='Documentation' phaseType='DOC' time=',FFS=0.5,'/>
		<task name='Creación diagrama de desarrollo' id='8562051' tid='jtuwvlyu:8562051' labels='none' phaseName='Documentation' phaseType='DOC' time=',CLDS=0.5,'/>
		<task name='Revisión de diagrama soporte (4)' id='8562052' tid='jtuwvlyu:8562052' labels='none' phaseName='Documentation' phaseType='DOC' time=',FFS=0.5,'/>
		<task name='Corrección de diagrama soporte (4)' id='8562053' tid='jtuwvlyu:8562053' labels='none' phaseName='Documentation' phaseType='DOC' time=',FFS=0.5,'/>
		<task name='Creación diagrama diccionario de datos' id='8562054' tid='jtuwvlyu:8562054' labels='none' phaseName='Documentation' phaseType='DOC' time=',CLDS=0.5,'/>
		<task name='Revisión de diagrama soporte' id='8562055' tid='jtuwvlyu:8562055' labels='none' phaseName='Documentation' phaseType='DOC' time=',FFS=0.5,'/>
		<task name='Corrección de diagrama soporte' id='8562056' tid='jtuwvlyu:8562056' labels='none' phaseName='Documentation' phaseType='DOC' time=',FFS=0.5,'/>
		<task name='Creación de diagrama despliegue' id='8562057' tid='jtuwvlyu:8562057' labels='none' phaseName='Documentation' phaseType='DOC' time=',KYCS=1,BMFG=0.5,'/>
		<task name='Revisión de diagrama despliegue' id='8562058' tid='jtuwvlyu:8562058' labels='none' phaseName='Documentation' phaseType='DOC' time=',CLDS=0.7,'/>
		<task name='Corrección de diagrama despliegue' id='8562059' tid='jtuwvlyu:8562059' labels='none' phaseName='Documentation' phaseType='DOC' time=',FFS=0.5,'/>
		<task name='Creación de diagrama arquitectura' id='8562060' tid='jtuwvlyu:8562060' labels='none' phaseName='Documentation' phaseType='DOC' time=',CLDS=0.5,'/>
		<task name='Revisión de diagrama arquitectura' id='8562061' tid='jtuwvlyu:8562061' labels='none' phaseName='Documentation' phaseType='DOC' time=',FFS=0.5,'/>
		<task name='Corrección de diagrama arquitectura' id='8562062' tid='jtuwvlyu:8562062' labels='none' phaseName='Documentation' phaseType='DOC' time=',KYCS=1,'/>
		<task name='Creación de diagrama entidad-relación' id='8562063' tid='jtuwvlyu:8562063' labels='none' phaseName='Documentation' phaseType='DOC' time=',CLDS=0.3,BMFG=0.5,'/>
		<task name='Revisión de diagrama entidad-relación' id='8562064' tid='jtuwvlyu:8562064' labels='none' phaseName='Documentation' phaseType='DOC' time=',KYCS=0.5,'/>
		<task name='Corrección de diagrama entidad-relación' id='8562065' tid='jtuwvlyu:8562065' labels='none' phaseName='Documentation' phaseType='DOC' time=',KYCS=0.5,'/>
		<task name='Creación de la base de datos' id='8562066' tid='jtuwvlyu:8562066' labels='none' phaseName='Documentation' phaseType='DOC' time=',KYCS=0.5,'/>
		<task name='Conexión a la base de datos' id='8562067' tid='jtuwvlyu:8562067' labels='none' phaseName='Code' phaseType='CODE' time=',KYCS=0.5,'/>
		<task name='Crear migraciones en Laravel' id='8562068' tid='jtuwvlyu:8562068' labels='none' phaseName='Code' phaseType='CODE' time=',KYCS=0.5,'/>
	</component>
	<component name='Semana4' id='8561608' tid='jtuwvlyu:8561608' labels='none'>
		<task name='Preparación de Reunion ( Semana4)' id='8562098' tid='jtuwvlyu:8562098' labels='none' phaseName='Documentation' phaseType='DOC' time=',FFS=0.5,KYCS=0.5,CLDS=1,BMFG=0.5,'/>
		<task name='Reunion en Equipo(semana 4)' id='8562099' tid='jtuwvlyu:8562099' labels='none' phaseName='Documentation' phaseType='DOC' time=',FFS=1,KYCS=1,CLDS=1,BMFG=1,'/>
		<task name='Rol gerente Lider (Semana 4)' id='8562100' tid='jtuwvlyu:8562100' labels='none' phaseName='Design' phaseType='DLD' time=',KYCS=1,'/>
		<task name='Rol gerente Planeación (Semana 4)' id='8562101' tid='jtuwvlyu:8562101' labels='none' phaseName='Design' phaseType='DLD' time=',CLDS=1,'/>
		<task name='Rol gerente Desarrollo (Semana 4)' id='8562102' tid='jtuwvlyu:8562102' labels='none' phaseName='Design' phaseType='DLD' time=',BMFG=1,'/>
		<task name='Rol gerente soporte (Semana 4)' id='8562103' tid='jtuwvlyu:8562103' labels='none' phaseName='Design' phaseType='DLD' time=',FFS=1,'/>
		<task name='Rol gerente Calidad' id='8562104' tid='jtuwvlyu:8562104' labels='none' phaseName='Design' phaseType='DLD' time=',FFS=0.5,KYCS=0.2,CLDS=0.2,BMFG=0.2,'/>
		<task name='Revisión de la  creación de base de datos' id='8562105' tid='jtuwvlyu:8562105' labels='none' phaseName='Documentation' phaseType='DOC' time=',KYCS=0.5,CLDS=1,'/>
		<task name='Corrección de base de datos' id='8562106' tid='jtuwvlyu:8562106' labels='none' phaseName='Documentation' phaseType='DOC' time=',KYCS=0.5,CLDS=0.5,'/>
		<task name='Creación de inicio de sesión (admin)' id='8562107' tid='jtuwvlyu:8562107' labels='none' phaseName='Code' phaseType='CODE' time=',KYCS=1,CLDS=2,'/>
		<task name='Revisión  de usuario para inicio de sesión (2)' id='8562108' tid='jtuwvlyu:8562108' labels='none' phaseName='Code' phaseType='CODE' time=',BMFG=0.5,'/>
		<task name='Modificación  de usuario para inicio de sesión (2)' id='8562109' tid='jtuwvlyu:8562109' labels='none' phaseName='Code' phaseType='CODE' time=',CLDS=0.5,'/>
		<task name='Creación de inicio de sesión (invitado)' id='8562110' tid='jtuwvlyu:8562110' labels='none' phaseName='Code' phaseType='CODE' time=',FFS=0.5,'/>
		<task name='Revisión  de usuario para inicio de sesión' id='8562111' tid='jtuwvlyu:8562111' labels='none' phaseName='Code' phaseType='CODE' time=',CLDS=0.6,'/>
		<task name='Modificación  de usuario para inicio de sesión' id='8562112' tid='jtuwvlyu:8562112' labels='none' phaseName='Code' phaseType='CODE' time=',FFS=1,'/>
		<task name='Creación de registro  de alumnos' id='8562113' tid='jtuwvlyu:8562113' labels='none' phaseName='Code' phaseType='CODE' time=',KYCS=0.7,'/>
		<task name='Revisión de  usuario para registro de alumnos' id='8562114' tid='jtuwvlyu:8562114' labels='none' phaseName='Code' phaseType='CODE' time=',FFS=1,'/>
		<task name='Modificación de  usuario para registro de alumnos' id='8562115' tid='jtuwvlyu:8562115' labels='none' phaseName='Code' phaseType='CODE' time=',KYCS=0.5,'/>
		<task name='Creación y codificación de rutas, controladores, modelos y vistas para inicio de sesión(Admin)' id='8562116' tid='jtuwvlyu:8562116' labels='none' phaseName='Code' phaseType='CODE' time=',CLDS=0.2,'/>
		<task name='Creación y codificación de rutas, controladores, modelos y vistas para inicio de sesión(Invitado)' id='8562117' tid='jtuwvlyu:8562117' labels='none' phaseName='Code' phaseType='CODE' time=',CLDS=0.2,'/>
		<task name='Creación y codificación de rutas, controladores, modelos y vistas para el registro de alumnos' id='8562118' tid='jtuwvlyu:8562118' labels='none' phaseName='Code' phaseType='CODE' time=',BMFG=0.5,'/>
		<task name='Creación y codificación de rutas, controladores, modelos y vistas para agregar alumno.' id='8562119' tid='jtuwvlyu:8562119' labels='none' phaseName='Code' phaseType='CODE' time=',BMFG=0.5,'/>
		<task name='Creación y codificación de rutas, controladores, modelos y vistas para agregar carrera.' id='8562120' tid='jtuwvlyu:8562120' labels='none' phaseName='Code' phaseType='CODE' time=',BMFG=1,'/>
		<task name='Creación y codificación de rutas, controladores, modelos y vistas para agregar pagos libro' id='8562121' tid='jtuwvlyu:8562121' labels='none' phaseName='Code' phaseType='CODE' time=',BMFG=0.5,'/>
		<task name='Creación y codificación de rutas, controladores, modelos y vistas para agregar pagos curso' id='8562122' tid='jtuwvlyu:8562122' labels='none' phaseName='Code' phaseType='CODE' time=',BMFG=0.5,'/>
		<task name='Creación y codificación de rutas, controladores, modelos y vistas para agregar grupo.' id='8562123' tid='jtuwvlyu:8562123' labels='none' phaseName='Code' phaseType='CODE' time=',BMFG=0.5,'/>
		<task name='Creación y codificación de rutas, controladores, modelos y vistas para agregar calificación.' id='8562124' tid='jtuwvlyu:8562124' labels='none' phaseName='Code' phaseType='CODE' time=',BMFG=0.5,'/>
		<task name='Creación y codificación de rutas, controladores, modelos y vistas para agregar numero de control de  alumno.' id='8562125' tid='jtuwvlyu:8562125' labels='none' phaseName='Code' phaseType='CODE' time=',BMFG=0.5,'/>
		<task name='Creación y codificación de rutas, controladores, modelos y vistas para editar alumno.' id='8562126' tid='jtuwvlyu:8562126' labels='none' phaseName='Code' phaseType='CODE' time=',BMFG=0.5,'/>
		<task name='Creación y codificación de rutas, controladores, modelos y vistas para editar carrera.' id='8562127' tid='jtuwvlyu:8562127' labels='none' phaseName='Code' phaseType='CODE' time=',BMFG=0.5,'/>
		<task name='Creación y codificación de rutas, controladores, modelos y vistas para editar pagos libro.' id='8562128' tid='jtuwvlyu:8562128' labels='none' phaseName='Code' phaseType='CODE' time=',BMFG=0.5,'/>
		<task name='Creación y codificación de rutas, controladores, modelos y vistas para editar pagos curso' id='8562129' tid='jtuwvlyu:8562129' labels='none' phaseName='Code' phaseType='CODE' time=',BMFG=0.5,'/>
		<task name='Creación y codificación de rutas, controladores, modelos y vistas para editar grupo.' id='8562130' tid='jtuwvlyu:8562130' labels='none' phaseName='Code' phaseType='CODE' time=',BMFG=0.2,'/>
		<task name='Creación y codificación de rutas, controladores, modelos y vistas para editar calificación.' id='8562131' tid='jtuwvlyu:8562131' labels='none' phaseName='Code' phaseType='CODE' time=',FFS=1,'/>
		<task name='Creación y codificación de rutas, controladores, modelos y vistas para editar numero de control de  alumno.' id='8562132' tid='jtuwvlyu:8562132' labels='none' phaseName='Code' phaseType='CODE' time=',FFS=1,'/>
		<task name='Creación y codificación de rutas, controladores, modelos y vistas para eliminar alumno.' id='8562133' tid='jtuwvlyu:8562133' labels='none' phaseName='Code' phaseType='CODE' time=',FFS=1,'/>
		<task name='Creación y codificación de rutas, controladores, modelos y vistas para eliminar carrera.' id='8562134' tid='jtuwvlyu:8562134' labels='none' phaseName='Code' phaseType='CODE' time=',FFS=1,'/>
		<task name='Creación y codificación de rutas, controladores, modelos y vistas para eliminar pagos libro.' id='8562135' tid='jtuwvlyu:8562135' labels='none' phaseName='Code' phaseType='CODE' time=',FFS=1,'/>
		<task name='Creación y codificación de rutas, controladores, modelos y vistas para eliminar pagos curso' id='8562136' tid='jtuwvlyu:8562136' labels='none' phaseName='Code' phaseType='CODE' time=',KYCS=0.5,'/>
		<task name='Creación y codificación de rutas, controladores, modelos y vistas para eliminar grupo.' id='8562137' tid='jtuwvlyu:8562137' labels='none' phaseName='Code' phaseType='CODE' time=',KYCS=0.5,'/>
		<task name='Creación y codificación de rutas, controladores, modelos y vistas para eliminar calificación.' id='8562138' tid='jtuwvlyu:8562138' labels='none' phaseName='Code' phaseType='CODE' time=',KYCS=0.5,'/>
		<task name='Creación y codificación de rutas, controladores, modelos y vistas para eliminar numero de control de  alumno.' id='8562139' tid='jtuwvlyu:8562139' labels='none' phaseName='Code' phaseType='CODE' time=',KYCS=0.5,'/>
		<task name='Creación y codificación de rutas, controladores, modelos y vistas para las consultas por carrera.' id='8562140' tid='jtuwvlyu:8562140' labels='none' phaseName='Code' phaseType='CODE' time=',KYCS=0.5,'/>
		<task name='Creación y codificación de rutas, controladores, modelos y vistas para las consultas por grupo' id='8562141' tid='jtuwvlyu:8562141' labels='none' phaseName='Code' phaseType='CODE' time=',KYCS=0.5,'/>
		<task name='Creación y codificación de rutas, controladores, modelos y vistas para las consultas por nombre' id='8562142' tid='jtuwvlyu:8562142' labels='none' phaseName='Code' phaseType='CODE' time=',KYCS=0.5,'/>
		<task name='Creación y codificación de rutas, controladores, modelos y vistas para las consultas por número de control' id='8562143' tid='jtuwvlyu:8562143' labels='none' phaseName='Code' phaseType='CODE' time=',KYCS=0.5,'/>
		<task name='Creación y codificación de rutas, controladores, modelos y vistas para ver alumno.' id='8562144' tid='jtuwvlyu:8562144' labels='none' phaseName='Code' phaseType='CODE' time=',CLDS=0.2,'/>
		<task name='Creación y codificación de rutas, controladores, modelos y vistas para ver carrera.' id='8562145' tid='jtuwvlyu:8562145' labels='none' phaseName='Code' phaseType='CODE' time=',CLDS=0.2,'/>
		<task name='Creación y codificación de rutas, controladores, modelos y vistas para ver pagos libro.' id='8562146' tid='jtuwvlyu:8562146' labels='none' phaseName='Code' phaseType='CODE' time=',CLDS=0.2,'/>
		<task name='Creación y codificación de rutas, controladores, modelos y vistas para ver pagos curso' id='8562147' tid='jtuwvlyu:8562147' labels='none' phaseName='Code' phaseType='CODE' time=',CLDS=0.2,'/>
		<task name='Creación y codificación de rutas, controladores, modelos y vistas para ver grupo.' id='8562148' tid='jtuwvlyu:8562148' labels='none' phaseName='Code' phaseType='CODE' time=',CLDS=0.2,'/>
		<task name='Creación y codificación de rutas, controladores, modelos y vistas para ver calificación.' id='8562149' tid='jtuwvlyu:8562149' labels='none' phaseName='Code' phaseType='CODE' time=',CLDS=0.2,'/>
		<task name='Creación y codificación de rutas, controladores, modelos y vistas para ver numero de control de  alumno.' id='8562150' tid='jtuwvlyu:8562150' labels='none' phaseName='Code' phaseType='CODE' time=',CLDS=0.2,'/>
		<task name='Verificación Creación de Arquitectura de Software' id='8562151' tid='jtuwvlyu:8562151' labels='none' phaseName='Code' phaseType='CODE' time=',CLDS=0.5,'/>
		<task name='Overhead' id='8562152' tid='jtuwvlyu:8562152' labels='none' phaseName='Design' phaseType='DLD' time=',KYCS=0.5,CLDS=0.5,BMFG=0.5,'/>
	</component>
	<component name='Semana5' id='8561609' tid='jtuwvlyu:8561609' labels='none'>
		<task name='Preparación para la reunión con el cliente avaces(Semana 5, Junta 3)' id='8562153' tid='jtuwvlyu:8562153' labels='none' phaseName='Documentation' phaseType='DOC' time=',FFS=1,KYCS=1,CLDS=1,BMFG=1,'/>
		<task name='Reunión con el cliente  (Semana 5, Junta 3)' id='8562154' tid='jtuwvlyu:8562154' labels='none' phaseName='Documentation' phaseType='DOC' time=',FFS=1,KYCS=1,CLDS=1,BMFG=1,'/>
		<task name='Preparación de Reunion Equipo(Semana 5)' id='8562155' tid='jtuwvlyu:8562155' labels='none' phaseName='Documentation' phaseType='DOC' time=',FFS=0.5,KYCS=0.5,CLDS=1,BMFG=0.5,'/>
		<task name='Reunion en Equipo(Semana 5)' id='8562156' tid='jtuwvlyu:8562156' labels='none' phaseName='Documentation' phaseType='DOC' time=',FFS=1,KYCS=1,BMFG=1,'/>
		<task name='Rol gerente Lider (Semana 5)' id='8562157' tid='jtuwvlyu:8562157' labels='none' phaseName='Design' phaseType='DLD' time=',KYCS=1,'/>
		<task name='Rol gerente Planeación (Semana 5)' id='8562158' tid='jtuwvlyu:8562158' labels='none' phaseName='Design' phaseType='DLD' time=',CLDS=1,'/>
		<task name='Rol gerente Desarrollo(Semana 5)' id='8562159' tid='jtuwvlyu:8562159' labels='none' phaseName='Design' phaseType='DLD' time=',BMFG=1,'/>
		<task name='Rol gerente soporte (Semana 5)' id='8562160' tid='jtuwvlyu:8562160' labels='none' phaseName='Design' phaseType='DLD' time=',FFS=1,'/>
		<task name='Rol gerente Calidad (Semana 5)' id='8562161' tid='jtuwvlyu:8562161' labels='none' phaseName='Design' phaseType='DLD' time=',FFS=0.2,KYCS=0.2,CLDS=0.2,BMFG=0.2,'/>
		<task name='Crear plan de pruebas y casos de prueba' id='8562162' tid='jtuwvlyu:8562162' labels='none' phaseName='Documentation' phaseType='DOC' time=',FFS=0.5,'/>
		<task name='Realizar pruebas con Laravel TestTools plugin para cada historia de usuario.' id='8562163' tid='jtuwvlyu:8562163' labels='none' phaseName='Code' phaseType='CODE' time=',BMFG=0.5,'/>
		<task name='Pruebas Historia de usuario para agregar,eliminar,consultar, ver alumno.' id='8562164' tid='jtuwvlyu:8562164' labels='none' phaseName='Code' phaseType='CODE' time=',FFS=0.5,'/>
		<task name='Realizar prueba de aceptación y corrección de la prueba de aceptación en caso de errores. (2)' id='8562165' tid='jtuwvlyu:8562165' labels='none' phaseName='Code' phaseType='CODE' time=',CLDS=1,'/>
		<task name='Realizar prueba de unitarias y corrección de la prueba de unitaria en caso de errores. (2)' id='8562166' tid='jtuwvlyu:8562166' labels='none' phaseName='Code' phaseType='CODE' time=',BMFG=0.5,'/>
		<task name='Realizar prueba de seguridad y corrección de la prueba de seguridad en caso de errores. (2)' id='8562167' tid='jtuwvlyu:8562167' labels='none' phaseName='Code' phaseType='CODE' time=',BMFG=0.5,'/>
		<task name='Realizar prueba de integración y corrección de la prueba de integración en caso de obtener errores. (2)' id='8562168' tid='jtuwvlyu:8562168' labels='none' phaseName='Code' phaseType='CODE' time=',CLDS=0.5,'/>
		<task name='Pruebas Historia de usuario para agregar,eliminar,consultar, ver  número de control del alumno' id='8562169' tid='jtuwvlyu:8562169' labels='none' phaseName='Code' phaseType='CODE' time=',FFS=0.5,'/>
		<task name='Realizar prueba de aceptación y corrección de la prueba de aceptación en caso de errores. (3)' id='8562170' tid='jtuwvlyu:8562170' labels='none' phaseName='Code' phaseType='CODE' time=',FFS=0.5,'/>
		<task name='Realizar prueba de unitarias y corrección de la prueba de unitaria en caso de errores. (3)' id='8562171' tid='jtuwvlyu:8562171' labels='none' phaseName='Code' phaseType='CODE' time=',KYCS=0.5,'/>
		<task name='Realizar prueba de seguridad y corrección de la prueba de seguridad en caso de errores. (3)' id='8562172' tid='jtuwvlyu:8562172' labels='none' phaseName='Code' phaseType='CODE' time=',FFS=0.2,'/>
		<task name='Realizar prueba de integración y corrección de la prueba de integración en caso de obtener errores. No crl alumno' id='8562173' tid='jtuwvlyu:8562173' labels='none' phaseName='Code' phaseType='CODE' time=',KYCS=0.5,CLDS=0.5,BMFG=0.5,'/>
		<task name='Pruebas Historia de usuario para agregar,eliminar,consultar, ver carrera' id='8562174' tid='jtuwvlyu:8562174' labels='none' phaseName='Code' phaseType='CODE' time=',FFS=0.2,'/>
		<task name='Realizar prueba de aceptación y corrección de la prueba de aceptación en caso de errores. carrera' id='8562175' tid='jtuwvlyu:8562175' labels='none' phaseName='Code' phaseType='CODE' time=',FFS=0.2,'/>
		<task name='Realizar prueba de unitarias y corrección de la prueba de unitaria en caso de errores de carrera' id='8562176' tid='jtuwvlyu:8562176' labels='none' phaseName='Code' phaseType='CODE' time=',KYCS=0.5,'/>
		<task name='Realizar prueba de seguridad y corrección de la prueba de seguridad en caso de errores. carrera' id='8562177' tid='jtuwvlyu:8562177' labels='none' phaseName='Code' phaseType='CODE' time=',BMFG=0.5,'/>
		<task name='Realizar prueba de integración y corrección de la prueba de integración en caso de obtener errores. carrera' id='8562178' tid='jtuwvlyu:8562178' labels='none' phaseName='Code' phaseType='CODE' time=',FFS=0.2,'/>
		<task name='Pruebas Historia de usuario para agregar,,eliminar,consultar, ver  calificación' id='8562179' tid='jtuwvlyu:8562179' labels='none' phaseName='Code' phaseType='CODE' time=',FFS=0.2,'/>
		<task name='Realizar prueba de aceptación y corrección de la prueba de aceptación en caso de errores. calificacin' id='8562180' tid='jtuwvlyu:8562180' labels='none' phaseName='Code' phaseType='CODE' time=',FFS=0.2,'/>
		<task name='Realizar prueba de unitarias y corrección de la prueba de unitaria en caso de errores de calificacion' id='8562181' tid='jtuwvlyu:8562181' labels='none' phaseName='Code' phaseType='CODE' time=',KYCS=0.5,BMFG=0.5,'/>
		<task name='Realizar prueba de seguridad y corrección de la prueba de seguridad en caso de errores. calificacion' id='8562182' tid='jtuwvlyu:8562182' labels='none' phaseName='Code' phaseType='CODE' time=',BMFG=0.5,'/>
		<task name='Realizar prueba de integración y corrección de la prueba de integración en caso de obtener errores. calificacion' id='8562183' tid='jtuwvlyu:8562183' labels='none' phaseName='Code' phaseType='CODE' time=',FFS=0.5,'/>
		<task name='Pruebas Historia de usuario para agregar,eliminar,consultar, ver pagos libro.' id='8562184' tid='jtuwvlyu:8562184' labels='none' phaseName='Code' phaseType='CODE' time=',FFS=0.5,'/>
		<task name='Realizar prueba de aceptación y corrección de la prueba de aceptación en caso de errores de pagos libro' id='8562185' tid='jtuwvlyu:8562185' labels='none' phaseName='Code' phaseType='CODE' time=',CLDS=0.5,'/>
		<task name='Realizar prueba de unitarias y corrección de la prueba de unitaria en caso de errores pagos libro' id='8562186' tid='jtuwvlyu:8562186' labels='none' phaseName='Code' phaseType='CODE' time=',KYCS=0.5,'/>
		<task name='Realizar prueba de seguridad y corrección de la prueba de seguridad en caso de errores. pagos libro' id='8562187' tid='jtuwvlyu:8562187' labels='none' phaseName='Code' phaseType='CODE' time=',BMFG=0.5,'/>
		<task name='Realizar prueba de integración y corrección de la prueba de integración en caso de obtener errores de pagos libro' id='8562188' tid='jtuwvlyu:8562188' labels='none' phaseName='Code' phaseType='CODE' time=',FFS=0.5,'/>
		<task name='Pruebas Historia de usuario para agregar,eliminar,consultar, ver pagos curso.' id='8562189' tid='jtuwvlyu:8562189' labels='none' phaseName='Code' phaseType='CODE' time=',FFS=0.5,'/>
		<task name='Realizar prueba de aceptación y corrección de la prueba de aceptación en caso de errores. pagos curso' id='8562190' tid='jtuwvlyu:8562190' labels='none' phaseName='Code' phaseType='CODE' time=',BMFG=5,'/>
		<task name='Realizar prueba de unitarias y corrección de la prueba de unitaria en caso de errores pagos curso' id='8562191' tid='jtuwvlyu:8562191' labels='none' phaseName='Code' phaseType='CODE' time=',KYCS=0.5,'/>
		<task name='Realizar prueba de seguridad y corrección de la prueba de seguridad en caso de errores de pagos curso' id='8562192' tid='jtuwvlyu:8562192' labels='none' phaseName='Code' phaseType='CODE' time=',KYCS=0.5,'/>
		<task name='Realizar prueba de integración y corrección de la prueba de integración en caso de obtener errores. (7)' id='8562193' tid='jtuwvlyu:8562193' labels='none' phaseName='Code' phaseType='CODE' time=',FFS=0.5,'/>
		<task name='Pruebas Historia de usuario para agregar,eliminar,consultar, ver grupo' id='8562194' tid='jtuwvlyu:8562194' labels='none' phaseName='Code' phaseType='CODE' time=',FFS=0.5,'/>
		<task name='Realizar prueba de aceptación y corrección de la prueba de aceptación en caso de errores.grupo' id='8562195' tid='jtuwvlyu:8562195' labels='none' phaseName='Code' phaseType='CODE' time=',BMFG=0.5,'/>
		<task name='Realizar prueba de unitarias y corrección de la prueba de unitaria en caso de errores de grupo' id='8562196' tid='jtuwvlyu:8562196' labels='none' phaseName='Code' phaseType='CODE' time=',KYCS=0.5,'/>
		<task name='Realizar prueba de seguridad y corrección de la prueba de seguridad en caso de errores. grupo' id='8562197' tid='jtuwvlyu:8562197' labels='none' phaseName='Code' phaseType='CODE' time=',BMFG=0.5,'/>
		<task name='Realizar prueba de integración y corrección de la prueba de integración en caso de obtener errores. grupo' id='8562198' tid='jtuwvlyu:8562198' labels='none' phaseName='Code' phaseType='CODE' time=',BMFG=0.5,'/>
		<task name='Creación y codificación de rutas para las consultas por; alumno,carrera, grupo, individual, número de control.' id='8562199' tid='jtuwvlyu:8562199' labels='none' phaseName='Code' phaseType='CODE' time=',KYCS=0.7,CLDS=0.7,'/>
		<task name='Creación y codificación de controlador para las consultas por; alumno,carrera, grupo, individual, número de control.' id='8562200' tid='jtuwvlyu:8562200' labels='none' phaseName='Code' phaseType='CODE' time=',KYCS=0.5,CLDS=1,'/>
		<task name='Creación y codificación de modelo para las consultas por; alumno,carrera, grupo, individual, número de control.' id='8562201' tid='jtuwvlyu:8562201' labels='none' phaseName='Code' phaseType='CODE' time=',KYCS=0.5,'/>
		<task name='Overhead' id='8562202' tid='jtuwvlyu:8562202' labels='none' phaseName='Design' phaseType='DLD' time=',KYCS=0.5,CLDS=0.5,BMFG=0.5,'/>
	</component>
	<component name='Semana6' id='8561610' tid='jtuwvlyu:8561610' labels='none'>
		<task name='Preparación para la reunión Equipo (Semana6)' id='8562203' tid='jtuwvlyu:8562203' labels='none' phaseName='Documentation' phaseType='DOC' time=',FFS=0.5,KYCS=0.5,CLDS=1,BMFG=0.5,'/>
		<task name='Reunión Equipo (semana 6)' id='8562204' tid='jtuwvlyu:8562204' labels='none' phaseName='Documentation' phaseType='DOC' time=',FFS=1,KYCS=1,CLDS=1,BMFG=1,'/>
		<task name='Rol Lider (Semana6)' id='8562205' tid='jtuwvlyu:8562205' labels='none' phaseName='Design' phaseType='DLD' time=',KYCS=1,'/>
		<task name='Rol gerente Planeación (Semana6)' id='8562206' tid='jtuwvlyu:8562206' labels='none' phaseName='Design' phaseType='DLD' time=',CLDS=1,'/>
		<task name='Rol gerente Desarrollo (Semana6)' id='8562207' tid='jtuwvlyu:8562207' labels='none' phaseName='Design' phaseType='DLD' time=',BMFG=1,'/>
		<task name='Rol gerente soporte (Semana6)' id='8562208' tid='jtuwvlyu:8562208' labels='none' phaseName='Design' phaseType='DLD' time=',FFS=1,'/>
		<task name='Rol gerente Calidad (Semana6)' id='8562209' tid='jtuwvlyu:8562209' labels='none' phaseName='Design' phaseType='DLD' time=',FFS=0.2,KYCS=0.2,CLDS=0.2,BMFG=0.2,'/>
		<task name='Creación de Manual de  Mantenimiento' id='8562210' tid='jtuwvlyu:8562210' labels='none' phaseName='Documentation' phaseType='DOC' time=',BMFG=1,'/>
		<task name='Revisión manual de mantenimiento' id='8562211' tid='jtuwvlyu:8562211' labels='none' phaseName='Documentation' phaseType='DOC' time=',FFS=1,KYCS=1,CLDS=2,'/>
		<task name='Corrección manual de mantenimieto.' id='8562212' tid='jtuwvlyu:8562212' labels='none' phaseName='Documentation' phaseType='DOC' time=',BMFG=1,'/>
		<task name='Creación de Manual de Usuario' id='8562213' tid='jtuwvlyu:8562213' labels='none' phaseName='Documentation' phaseType='DOC' time=',BMFG=1,'/>
		<task name='Revisión manual de usuario' id='8562214' tid='jtuwvlyu:8562214' labels='none' phaseName='Documentation' phaseType='DOC' time=',FFS=2,KYCS=1,'/>
		<task name='Corrección manual de usuario' id='8562215' tid='jtuwvlyu:8562215' labels='none' phaseName='Documentation' phaseType='DOC' time=',FFS=2,KYCS=1,BMFG=1,'/>
		<task name='Creación de Manual de Operación' id='8562216' tid='jtuwvlyu:8562216' labels='none' phaseName='Documentation' phaseType='DOC' time=',BMFG=1,'/>
		<task name='Revisión manual de Operación' id='8562217' tid='jtuwvlyu:8562217' labels='none' phaseName='Documentation' phaseType='DOC' time=',FFS=1,KYCS=2,CLDS=3,'/>
		<task name='Corrección manual de operación' id='8562218' tid='jtuwvlyu:8562218' labels='none' phaseName='Documentation' phaseType='DOC' time=',BMFG=1,'/>
		<task name='Revisión del sistema por el cliente' id='8562219' tid='jtuwvlyu:8562219' labels='none' phaseName='Documentation' phaseType='DOC' time=',BMFG=1,'/>
		<task name='Realizar correciones en caso de que existan' id='8562220' tid='jtuwvlyu:8562220' labels='none' phaseName='Documentation' phaseType='DOC' time=',FFS=1,BMFG=1,'/>
		<task name='Validación por el cliente' id='8562221' tid='jtuwvlyu:8562221' labels='none' phaseName='Documentation' phaseType='DOC' time=',FFS=1,KYCS=3,CLDS=2,'/>
	</component>
	<component name='Semana7' id='8561611' tid='jtuwvlyu:8561611' labels='none'>
		<task name='Preparación para la reunión con equipo(Semana 7)' id='8562222' tid='jtuwvlyu:8562222' labels='none' phaseName='Documentation' phaseType='DOC' time=',FFS=0.5,KYCS=0.5,CLDS=1,BMFG=0.5,'/>
		<task name='Reunión con el Equipo (semana 7)' id='8562223' tid='jtuwvlyu:8562223' labels='none' phaseName='Documentation' phaseType='DOC' time=',FFS=1,KYCS=1,CLDS=1,BMFG=1,'/>
		<task name='Rol Lider (semana 7)' id='8562224' tid='jtuwvlyu:8562224' labels='none' phaseName='Design' phaseType='DLD' time=',KYCS=1,'/>
		<task name='Rol gerente Planeación (semana 7)' id='8562225' tid='jtuwvlyu:8562225' labels='none' phaseName='Design' phaseType='DLD' time=',CLDS=1,'/>
		<task name='Rol gerente Desarrollo (semana 7)' id='8562226' tid='jtuwvlyu:8562226' labels='none' phaseName='Design' phaseType='DLD' time=',BMFG=2,'/>
		<task name='Rol gerente soporte (semana 7)' id='8562227' tid='jtuwvlyu:8562227' labels='none' phaseName='Design' phaseType='DLD' time=',FFS=1,BMFG=2,'/>
		<task name='Rol gerente Calidad  (semana 7)' id='8562228' tid='jtuwvlyu:8562228' labels='none' phaseName='Design' phaseType='DLD' time=',FFS=0.2,KYCS=0.2,CLDS=0.2,BMFG=0.2,'/>
		<task name='Tomar nota de últimos detalles vistos por el cliente' id='8562229' tid='jtuwvlyu:8562229' labels='none' phaseName='Documentation' phaseType='DOC' time=',FFS=4,KYCS=4,CLDS=4,'/>
		<task name='Hacer correciones' id='8562230' tid='jtuwvlyu:8562230' labels='none' phaseName='Code' phaseType='CODE' time=',FFS=4,KYCS=2,CLDS=1.6,BMFG=2,'/>
		<task name='Validaciones y funcionalidades del producto' id='8562231' tid='jtuwvlyu:8562231' labels='none' phaseName='Design Inspect' phaseType='DLDINSP' time=',BMFG=1.5,' inspUnits='DLD Lines' inspSize='0'/>
		<task name='Verificar calidad del producto' id='8562232' tid='jtuwvlyu:8562232' labels='none' phaseName='Design Inspect' phaseType='DLDINSP' time=',BMFG=1.5,' inspUnits='DLD Lines' inspSize='0'/>
		<task name='Implementación del hosting' id='8562233' tid='jtuwvlyu:8562233' labels='none' phaseName='Code' phaseType='CODE' time=',FFS=1,KYCS=1,CLDS=1,BMFG=1,'/>
		<task name='Realizar Pruebas en el servidor' id='8562234' tid='jtuwvlyu:8562234' labels='none' phaseName='Code' phaseType='CODE' time=',KYCS=1.6,CLDS=1.6,'/>
	</component>
	<component name='Semana8' id='8561612' tid='jtuwvlyu:8561612' labels='none'>
		<task name='Preparación para la reunión con el Cliente (Semana 8, última reunion4)' id='8562235' tid='jtuwvlyu:8562235' labels='none' phaseName='Documentation' phaseType='DOC' time=',FFS=1,KYCS=0.5,CLDS=1,BMFG=0.5,'/>
		<task name='Reunión con el cliente para los avances de equipo(semana 8, reunion 4)' id='8562236' tid='jtuwvlyu:8562236' labels='none' phaseName='Documentation' phaseType='DOC' time=',FFS=1,KYCS=1,CLDS=1,BMFG=1,'/>
		<task name='Rol Lider (semana 8)' id='8562237' tid='jtuwvlyu:8562237' labels='none' phaseName='Design' phaseType='DLD' time=',FFS=1,KYCS=1,'/>
		<task name='Rol gerente Planeación (semana 8)' id='8562238' tid='jtuwvlyu:8562238' labels='none' phaseName='Design' phaseType='DLD' time=',FFS=1,CLDS=1,'/>
		<task name='Rol gerente Desarrollo (semana 8)' id='8562239' tid='jtuwvlyu:8562239' labels='none' phaseName='Design' phaseType='DLD' time=',BMFG=1,'/>
		<task name='Rol gerente soporte (semana 8)' id='8562240' tid='jtuwvlyu:8562240' labels='none' phaseName='Design' phaseType='DLD' time=',FFS=1,'/>
		<task name='Rol gerente Calidad (semana 8)' id='8562241' tid='jtuwvlyu:8562241' labels='none' phaseName='Design' phaseType='DLD' time=',FFS=0.2,KYCS=0.2,CLDS=0.2,BMFG=0.2,'/>
		<task name='Preparación del SW (pre-entrega)' id='8562242' tid='jtuwvlyu:8562242' labels='none' phaseName='Documentation' phaseType='DOC' time=',FFS=1,KYCS=4,CLDS=4,BMFG=0.3,'/>
		<task name='Entrega del producto' id='8562243' tid='jtuwvlyu:8562243' labels='none' phaseName='Documentation' phaseType='DOC' time=',FFS=1,KYCS=1,CLDS=1,BMFG=1,'/>
		<task name='Instalación del sistema' id='8562244' tid='jtuwvlyu:8562244' labels='none' phaseName='Code' phaseType='CODE' time=',FFS=1,KYCS=1,CLDS=1,BMFG=1,'/>
	</component>
</project>
