<wbsModel>
  <wbsNode name='Proyect_Inglesv1' id='8562245' type='Project' indentLevel='0' expanded='true'>
    <attr name='createdWithVersion' value='4.7.0'/>
    <attr name='workflowIDsScrubbed' value='true'/>
  </wbsNode>
    <wbsNode name='Semana1' id='8561605' type='Software Component' indentLevel='1'/>
      <wbsNode name='Preparación para la reunión con el cliente para la obtencion de requerimientos(Semana 1, Reunion1)' id='8561614' type='Documentation Task' indentLevel='2'>
        <attr name='BMFG-Time (Top Down)' value='0.5'/>
        <attr name='CLDS-Time (Top Down)' value='0.5'/>
        <attr name='FFS-Time (Top Down)' value='0.5'/>
        <attr name='KYCS-Time (Top Down)' value='0.5'/>
        <attr name='Time (Top Down)' value='2.0'/>
        <attr name='Time Per Person' value='0.5'/>
      </wbsNode>
      <wbsNode name='Reunión con el cliente para la obtención de requerimientos (semana 1, reunion1)' id='8561615' type='Documentation Task' indentLevel='2'>
        <attr name='BMFG-Time (Top Down)' value='1.0'/>
        <attr name='CLDS-Time (Top Down)' value='1.0'/>
        <attr name='FFS-Time (Top Down)' value='1.0'/>
        <attr name='KYCS-Time (Top Down)' value='1.0'/>
        <attr name='Time (Top Down)' value='4.0'/>
        <attr name='Time Per Person' value='1.0'/>
      </wbsNode>
      <wbsNode name='Preparación reunion equipo status (semana 1)' id='8561616' type='Documentation Task' indentLevel='2'>
        <attr name='BMFG-Time (Top Down)' value='0.5'/>
        <attr name='CLDS-Time (Top Down)' value='1.0'/>
        <attr name='FFS-Time (Top Down)' value='0.5'/>
        <attr name='KYCS-Time (Top Down)' value='0.5'/>
        <attr name='Time (Top Down)' value='2.5'/>
        <attr name='Time Per Person' value='0.5'/>
      </wbsNode>
      <wbsNode name='Reunión de equipo (semana 1)' id='8561856' type='Documentation Task' indentLevel='2'>
        <attr name='BMFG-Time (Top Down)' value='1.0'/>
        <attr name='CLDS-Time (Top Down)' value='1.0'/>
        <attr name='FFS-Time (Top Down)' value='1.0'/>
        <attr name='KYCS-Time (Top Down)' value='1.0'/>
        <attr name='Time (Top Down)' value='4.0'/>
        <attr name='Time Per Person' value='1.0'/>
      </wbsNode>
      <wbsNode name='Rol gerente Lider (semana1)' id='8561857' type='Design Task' indentLevel='2'>
        <attr name='KYCS-Time (Top Down)' value='1.0'/>
        <attr name='Time (Top Down)' value='1.0'/>
        <attr name='Time Per Person' value='1.0'/>
      </wbsNode>
      <wbsNode name='Rol gerente Planeación (semana1)' id='8561858' type='Design Task' indentLevel='2'>
        <attr name='CLDS-Time (Top Down)' value='1.0'/>
        <attr name='Time (Top Down)' value='1.0'/>
        <attr name='Time Per Person' value='1.0'/>
      </wbsNode>
      <wbsNode name='Rol gerente Desarrollo (semana1)' id='8561859' type='Design Task' indentLevel='2'>
        <attr name='BMFG-Time (Top Down)' value='1.0'/>
        <attr name='Time (Top Down)' value='1.0'/>
        <attr name='Time Per Person' value='1.0'/>
      </wbsNode>
      <wbsNode name='Rol gerente soporte (semana1)' id='8561860' type='Design Task' indentLevel='2'>
        <attr name='FFS-Time (Top Down)' value='1.0'/>
        <attr name='Time (Top Down)' value='1.0'/>
        <attr name='Time Per Person' value='1.0'/>
      </wbsNode>
      <wbsNode name='Rol gerente Calidad (semana 1)' id='8561861' type='Design Task' indentLevel='2'>
        <attr name='BMFG-Time (Top Down)' value='0.2'/>
        <attr name='CLDS-Time (Top Down)' value='0.2'/>
        <attr name='FFS-Time (Top Down)' value='0.2'/>
        <attr name='KYCS-Time (Top Down)' value='0.2'/>
        <attr name='Time (Top Down)' value='0.8'/>
        <attr name='Time Per Person' value='0.2'/>
      </wbsNode>
      <wbsNode name='Capacitación de la metodología cascada' id='8561862' type='Documentation Task' indentLevel='2'>
        <attr name='BMFG-Time (Top Down)' value='0.3'/>
        <attr name='CLDS-Time (Top Down)' value='0.3'/>
        <attr name='FFS-Time (Top Down)' value='0.3'/>
        <attr name='KYCS-Time (Top Down)' value='0.3'/>
        <attr name='Time (Top Down)' value='1.2'/>
        <attr name='Time Per Person' value='0.3'/>
      </wbsNode>
      <wbsNode name='Capacitación de la herramienta Laravel' id='8561863' type='Documentation Task' indentLevel='2'>
        <attr name='BMFG-Time (Top Down)' value='0.3'/>
        <attr name='CLDS-Time (Top Down)' value='0.3'/>
        <attr name='FFS-Time (Top Down)' value='0.3'/>
        <attr name='KYCS-Time (Top Down)' value='0.3'/>
        <attr name='Time (Top Down)' value='1.2'/>
        <attr name='Time Per Person' value='0.3'/>
      </wbsNode>
      <wbsNode name='Capacitación de GitHub' id='8561864' type='Documentation Task' indentLevel='2'>
        <attr name='BMFG-Time (Top Down)' value='0.3'/>
        <attr name='CLDS-Time (Top Down)' value='0.5'/>
        <attr name='FFS-Time (Top Down)' value='0.5'/>
        <attr name='KYCS-Time (Top Down)' value='0.5'/>
        <attr name='Time (Top Down)' value='1.8'/>
        <attr name='Time Per Person' value='0.5'/>
      </wbsNode>
      <wbsNode name='Capacitacion de Process Dashboard' id='8561865' type='Documentation Task' indentLevel='2'>
        <attr name='CLDS-Time (Top Down)' value='0.5'/>
        <attr name='FFS-Time (Top Down)' value='0.5'/>
        <attr name='KYCS-Time (Top Down)' value='0.5'/>
        <attr name='Time (Top Down)' value='1.5'/>
        <attr name='Time Per Person' value='0.5'/>
      </wbsNode>
      <wbsNode name='Capacitación de la arquitectura' id='8561892' type='Documentation Task' indentLevel='2'>
        <attr name='CLDS-Time (Top Down)' value='0.3'/>
        <attr name='KYCS-Time (Top Down)' value='0.5'/>
        <attr name='Time (Top Down)' value='0.8'/>
        <attr name='Time Per Person' value='0.5'/>
      </wbsNode>
      <wbsNode name='Creación del SRS' id='8561893' type='Documentation Task' indentLevel='2'>
        <attr name='CLDS-Time (Top Down)' value='0.5'/>
        <attr name='KYCS-Time (Top Down)' value='0.5'/>
        <attr name='Time (Top Down)' value='1.0'/>
        <attr name='Time Per Person' value='0.5'/>
      </wbsNode>
      <wbsNode name='Historia de usuario para agregar alumno.' id='8561894' type='Documentation Task' indentLevel='2'>
        <attr name='BMFG-Time (Top Down)' value='1.0'/>
        <attr name='Time (Top Down)' value='1.0'/>
        <attr name='Time Per Person' value='1.0'/>
      </wbsNode>
      <wbsNode name='Revisión de historia de usuario para agregar alumno.' id='8561895' type='Documentation Task' indentLevel='2'>
        <attr name='BMFG-Time (Top Down)' value='0.5'/>
        <attr name='Time (Top Down)' value='0.5'/>
        <attr name='Time Per Person' value='0.5'/>
      </wbsNode>
      <wbsNode name='Corrección de historia de usuario para agregar alumno.' id='8561896' type='Documentation Task' indentLevel='2'>
        <attr name='CLDS-Time (Top Down)' value='0.5'/>
        <attr name='Time (Top Down)' value='0.5'/>
        <attr name='Time Per Person' value='0.5'/>
      </wbsNode>
      <wbsNode name='Historia de usuario para agregar número de control del alumno' id='8561897' type='Documentation Task' indentLevel='2'>
        <attr name='FFS-Time (Top Down)' value='0.5'/>
        <attr name='Time (Top Down)' value='0.5'/>
        <attr name='Time Per Person' value='0.5'/>
      </wbsNode>
      <wbsNode name='Revisión de historia de usuario para agregar número de control del alumno.' id='8561898' type='Documentation Task' indentLevel='2'>
        <attr name='CLDS-Time (Top Down)' value='0.5'/>
        <attr name='Time (Top Down)' value='0.5'/>
        <attr name='Time Per Person' value='0.5'/>
      </wbsNode>
      <wbsNode name='Corrección de historia de usuario para agregar el número de control del alumno.' id='8561899' type='Documentation Task' indentLevel='2'>
        <attr name='FFS-Time (Top Down)' value='0.5'/>
        <attr name='Time (Top Down)' value='0.5'/>
        <attr name='Time Per Person' value='0.5'/>
      </wbsNode>
      <wbsNode name='Historia de usuario para agregar carrera' id='8561900' type='Documentation Task' indentLevel='2'>
        <attr name='BMFG-Time (Top Down)' value='0.5'/>
        <attr name='Time (Top Down)' value='0.5'/>
        <attr name='Time Per Person' value='0.5'/>
      </wbsNode>
      <wbsNode name='Revisión de historia de usuario para agregar carrera' id='8561901' type='Documentation Task' indentLevel='2'>
        <attr name='KYCS-Time (Top Down)' value='0.7'/>
        <attr name='Time (Top Down)' value='0.7'/>
        <attr name='Time Per Person' value='0.7'/>
      </wbsNode>
      <wbsNode name='Corrección de historia de usuario para agregar carrera' id='8561902' type='Documentation Task' indentLevel='2'>
        <attr name='BMFG-Time (Top Down)' value='0.5'/>
        <attr name='Time (Top Down)' value='0.5'/>
        <attr name='Time Per Person' value='0.5'/>
      </wbsNode>
      <wbsNode name='Historia de usuario para agregar calificación' id='8561903' type='Documentation Task' indentLevel='2'>
        <attr name='KYCS-Time (Top Down)' value='0.5'/>
        <attr name='Time (Top Down)' value='0.5'/>
        <attr name='Time Per Person' value='0.5'/>
      </wbsNode>
      <wbsNode name='Revisión de historia de usuario para agregar calificación' id='8561904' type='Documentation Task' indentLevel='2'>
        <attr name='FFS-Time (Top Down)' value='0.5'/>
        <attr name='Time (Top Down)' value='0.5'/>
        <attr name='Time Per Person' value='0.5'/>
      </wbsNode>
      <wbsNode name='Corrección de historia de usuario para agregar calificación' id='8561905' type='Documentation Task' indentLevel='2'>
        <attr name='FFS-Time (Top Down)' value='0.5'/>
        <attr name='Time (Top Down)' value='0.5'/>
        <attr name='Time Per Person' value='0.5'/>
      </wbsNode>
      <wbsNode name='Historia de usuario para agregar pagos libro.' id='8561906' type='Documentation Task' indentLevel='2'>
        <attr name='BMFG-Time (Top Down)' value='0.5'/>
        <attr name='Time (Top Down)' value='0.5'/>
        <attr name='Time Per Person' value='0.5'/>
      </wbsNode>
      <wbsNode name='Revisión de historia de usuario para agregar pagos libro' id='8561907' type='Documentation Task' indentLevel='2'>
        <attr name='BMFG-Time (Top Down)' value='0.5'/>
        <attr name='Time (Top Down)' value='0.5'/>
        <attr name='Time Per Person' value='0.5'/>
      </wbsNode>
      <wbsNode name='Corrección de historia de usuario para agregar pagos libro' id='8561908' type='Documentation Task' indentLevel='2'>
        <attr name='KYCS-Time (Top Down)' value='0.5'/>
        <attr name='Time (Top Down)' value='0.5'/>
        <attr name='Time Per Person' value='0.5'/>
      </wbsNode>
      <wbsNode name='Historia de usuario para agregar pagos curso' id='8561909' type='Documentation Task' indentLevel='2'>
        <attr name='FFS-Time (Top Down)' value='0.5'/>
        <attr name='Time (Top Down)' value='0.5'/>
        <attr name='Time Per Person' value='0.5'/>
      </wbsNode>
      <wbsNode name='Revisión de historia de usuario para agregar pagos curso.' id='8561910' type='Documentation Task' indentLevel='2'>
        <attr name='KYCS-Time (Top Down)' value='0.5'/>
        <attr name='Time (Top Down)' value='0.5'/>
        <attr name='Time Per Person' value='0.5'/>
      </wbsNode>
      <wbsNode name='Corrección de historia de usuario para agregar pagos curso' id='8561911' type='Documentation Task' indentLevel='2'>
        <attr name='BMFG-Time (Top Down)' value='0.3'/>
        <attr name='Time (Top Down)' value='0.3'/>
        <attr name='Time Per Person' value='0.3'/>
      </wbsNode>
      <wbsNode name='Historia de usuario para agregar grupo.' id='8561912' type='Documentation Task' indentLevel='2'>
        <attr name='CLDS-Time (Top Down)' value='0.5'/>
        <attr name='Time (Top Down)' value='0.5'/>
        <attr name='Time Per Person' value='0.5'/>
      </wbsNode>
      <wbsNode name='Revisión de historia de usuario para agregar grupo.' id='8561913' type='Documentation Task' indentLevel='2'>
        <attr name='KYCS-Time (Top Down)' value='0.5'/>
        <attr name='Time (Top Down)' value='0.5'/>
        <attr name='Time Per Person' value='0.5'/>
      </wbsNode>
      <wbsNode name='Corrección de historia de usuario para agregar grupo. (2)' id='8561914' type='Documentation Task' indentLevel='2'>
        <attr name='CLDS-Time (Top Down)' value='0.5'/>
        <attr name='Time (Top Down)' value='0.5'/>
        <attr name='Time Per Person' value='0.5'/>
      </wbsNode>
      <wbsNode name='Corrección de historia de usuario para agregar grupo.' id='8561915' type='Documentation Task' indentLevel='2'>
        <attr name='FFS-Time (Top Down)' value='0.5'/>
        <attr name='Time (Top Down)' value='0.5'/>
        <attr name='Time Per Person' value='0.5'/>
      </wbsNode>
      <wbsNode name='Historia de usuario para editar alumno.' id='8561916' type='Documentation Task' indentLevel='2'>
        <attr name='FFS-Time (Top Down)' value='0.5'/>
        <attr name='Time (Top Down)' value='0.5'/>
        <attr name='Time Per Person' value='0.5'/>
      </wbsNode>
      <wbsNode name='Revisión de historia de usuario para editar alumno.' id='8561917' type='Documentation Task' indentLevel='2'>
        <attr name='CLDS-Time (Top Down)' value='0.5'/>
        <attr name='Time (Top Down)' value='0.5'/>
        <attr name='Time Per Person' value='0.5'/>
      </wbsNode>
      <wbsNode name='Corrección de historia de usuario para editar alumno.' id='8561918' type='Documentation Task' indentLevel='2'>
        <attr name='FFS-Time (Top Down)' value='0.3'/>
        <attr name='Time (Top Down)' value='0.3'/>
        <attr name='Time Per Person' value='0.3'/>
      </wbsNode>
      <wbsNode name='Historia de usuario para editar carrera' id='8561919' type='Documentation Task' indentLevel='2'>
        <attr name='FFS-Time (Top Down)' value='0.3'/>
        <attr name='Time (Top Down)' value='0.3'/>
        <attr name='Time Per Person' value='0.3'/>
      </wbsNode>
      <wbsNode name='Revisión de historia de usuario para editar carrera' id='8561920' type='Documentation Task' indentLevel='2'>
        <attr name='BMFG-Time (Top Down)' value='0.5'/>
        <attr name='Time (Top Down)' value='0.5'/>
        <attr name='Time Per Person' value='0.5'/>
      </wbsNode>
      <wbsNode name='Corrección de historia de usuario para editar carrera' id='8561921' type='Documentation Task' indentLevel='2'>
        <attr name='FFS-Time (Top Down)' value='0.5'/>
        <attr name='Time (Top Down)' value='0.5'/>
        <attr name='Time Per Person' value='0.5'/>
      </wbsNode>
      <wbsNode name='Historia de usuario para editar calificación' id='8561922' type='Documentation Task' indentLevel='2'>
        <attr name='BMFG-Time (Top Down)' value='0.5'/>
        <attr name='Time (Top Down)' value='0.5'/>
        <attr name='Time Per Person' value='0.5'/>
      </wbsNode>
      <wbsNode name='Revisión de historia de usuario para editar calificación' id='8561923' type='Documentation Task' indentLevel='2'>
        <attr name='BMFG-Time (Top Down)' value='0.5'/>
        <attr name='Time (Top Down)' value='0.5'/>
        <attr name='Time Per Person' value='0.5'/>
      </wbsNode>
      <wbsNode name='Corrección de historia de usuario para editar calificación' id='8561924' type='Documentation Task' indentLevel='2'>
        <attr name='KYCS-Time (Top Down)' value='0.7'/>
        <attr name='Time (Top Down)' value='0.7'/>
        <attr name='Time Per Person' value='0.7'/>
      </wbsNode>
      <wbsNode name='Historia de usuario para editar número de control de alumno.' id='8561925' type='Documentation Task' indentLevel='2'>
        <attr name='CLDS-Time (Top Down)' value='0.5'/>
        <attr name='Time (Top Down)' value='0.5'/>
        <attr name='Time Per Person' value='0.5'/>
      </wbsNode>
      <wbsNode name='Revisión de historia de usuario para editar número de control de  alumno.' id='8561926' type='Documentation Task' indentLevel='2'>
        <attr name='BMFG-Time (Top Down)' value='0.5'/>
        <attr name='CLDS-Time (Top Down)' value='0.3'/>
        <attr name='Time (Top Down)' value='0.8'/>
        <attr name='Time Per Person' value='0.3'/>
      </wbsNode>
      <wbsNode name='Corrección de historia de usuario para editar número de control de alumno.' id='8561927' type='Documentation Task' indentLevel='2'>
        <attr name='FFS-Time (Top Down)' value='0.5'/>
        <attr name='Time (Top Down)' value='0.5'/>
        <attr name='Time Per Person' value='0.5'/>
      </wbsNode>
      <wbsNode name='Historia de usuario para editar pagos libro.' id='8561928' type='Documentation Task' indentLevel='2'>
        <attr name='FFS-Time (Top Down)' value='0.5'/>
        <attr name='Time (Top Down)' value='0.5'/>
        <attr name='Time Per Person' value='0.5'/>
      </wbsNode>
      <wbsNode name='Revisión de historia de usuario para editar pagos libro' id='8561929' type='Documentation Task' indentLevel='2'>
        <attr name='CLDS-Time (Top Down)' value='0.5'/>
        <attr name='Time (Top Down)' value='0.5'/>
        <attr name='Time Per Person' value='0.5'/>
      </wbsNode>
      <wbsNode name='Corrección de historia de usuario para editar pagos libro' id='8561930' type='Documentation Task' indentLevel='2'>
        <attr name='FFS-Time (Top Down)' value='0.5'/>
        <attr name='Time (Top Down)' value='0.5'/>
        <attr name='Time Per Person' value='0.5'/>
      </wbsNode>
      <wbsNode name='Validación Plan General' id='8561931' type='Documentation Task' indentLevel='2'>
        <attr name='CLDS-Time (Top Down)' value='0.5'/>
        <attr name='Time (Top Down)' value='0.5'/>
        <attr name='Time Per Person' value='0.5'/>
      </wbsNode>
      <wbsNode name='Overhead' id='8561932' type='Design Task' indentLevel='2'>
        <attr name='BMFG-Time (Top Down)' value='0.5'/>
        <attr name='CLDS-Time (Top Down)' value='0.5'/>
        <attr name='Time (Top Down)' value='1.0'/>
        <attr name='Time Per Person' value='0.5'/>
      </wbsNode>
    <wbsNode name='Semana2' id='8561606' type='Software Component' indentLevel='1'/>
      <wbsNode name='Preparación reunion equipo(Semana 2)' id='8561977' type='Documentation Task' indentLevel='2'>
        <attr name='BMFG-Time (Top Down)' value='0.5'/>
        <attr name='CLDS-Time (Top Down)' value='1.0'/>
        <attr name='FFS-Time (Top Down)' value='5.0'/>
        <attr name='KYCS-Time (Top Down)' value='0.5'/>
        <attr name='Time (Top Down)' value='7.0'/>
        <attr name='Time Per Person' value='0.5'/>
      </wbsNode>
      <wbsNode name='Reunion Equipo Sataus (Semana 2)' id='8561978' type='Documentation Task' indentLevel='2'>
        <attr name='BMFG-Time (Top Down)' value='1.0'/>
        <attr name='CLDS-Time (Top Down)' value='1.0'/>
        <attr name='FFS-Time (Top Down)' value='1.0'/>
        <attr name='KYCS-Time (Top Down)' value='1.0'/>
        <attr name='Time (Top Down)' value='4.0'/>
        <attr name='Time Per Person' value='1.0'/>
      </wbsNode>
      <wbsNode name='Rol Lider (semana2)' id='8561979' type='Design Task' indentLevel='2'>
        <attr name='KYCS-Time (Top Down)' value='1.0'/>
        <attr name='Time (Top Down)' value='1.0'/>
        <attr name='Time Per Person' value='1.0'/>
      </wbsNode>
      <wbsNode name='Rol gerente Planeación (Semana 2)' id='8561980' type='Design Task' indentLevel='2'>
        <attr name='CLDS-Time (Top Down)' value='1.0'/>
        <attr name='Time (Top Down)' value='1.0'/>
        <attr name='Time Per Person' value='1.0'/>
      </wbsNode>
      <wbsNode name='Rol gerente Desarrollo (semana 2)' id='8561981' type='Design Task' indentLevel='2'>
        <attr name='BMFG-Time (Top Down)' value='1.0'/>
        <attr name='Time (Top Down)' value='1.0'/>
        <attr name='Time Per Person' value='1.0'/>
      </wbsNode>
      <wbsNode name='Rol gerente soporte (semana 2)' id='8561982' type='Design Task' indentLevel='2'>
        <attr name='FFS-Time (Top Down)' value='1.0'/>
        <attr name='Time (Top Down)' value='1.0'/>
        <attr name='Time Per Person' value='1.0'/>
      </wbsNode>
      <wbsNode name='Rol gerente Calidad (semana 2)' id='8561983' type='Design Task' indentLevel='2'>
        <attr name='BMFG-Time (Top Down)' value='0.2'/>
        <attr name='FFS-Time (Top Down)' value='0.2'/>
        <attr name='KYCS-Time (Top Down)' value='0.2'/>
        <attr name='Time (Top Down)' value='0.6000000000000001'/>
        <attr name='Time Per Person' value='0.2'/>
      </wbsNode>
      <wbsNode name='Historia de usuario para editar pagos curso' id='8561984' type='Documentation Task' indentLevel='2'>
        <attr name='CLDS-Time (Top Down)' value='1.0'/>
        <attr name='KYCS-Time (Top Down)' value='1.0'/>
        <attr name='Time (Top Down)' value='2.0'/>
        <attr name='Time Per Person' value='1.0'/>
      </wbsNode>
      <wbsNode name='Revisión de historia de usuario para editar pagos curso.' id='8561985' type='Documentation Task' indentLevel='2'>
        <attr name='FFS-Time (Top Down)' value='0.5'/>
        <attr name='Time (Top Down)' value='0.5'/>
        <attr name='Time Per Person' value='0.5'/>
      </wbsNode>
      <wbsNode name='Corrección de historia de usuario para editar pagos curso' id='8561986' type='Documentation Task' indentLevel='2'>
        <attr name='KYCS-Time (Top Down)' value='0.7'/>
        <attr name='Time (Top Down)' value='0.7'/>
        <attr name='Time Per Person' value='0.7'/>
      </wbsNode>
      <wbsNode name='Historia de usuario para editar grupo' id='8561987' type='Documentation Task' indentLevel='2'>
        <attr name='FFS-Time (Top Down)' value='0.5'/>
        <attr name='Time (Top Down)' value='0.5'/>
        <attr name='Time Per Person' value='0.5'/>
      </wbsNode>
      <wbsNode name='Revisión de historia de usuario para editar grupo.' id='8561988' type='Documentation Task' indentLevel='2'>
        <attr name='BMFG-Time (Top Down)' value='0.5'/>
        <attr name='Time (Top Down)' value='0.5'/>
        <attr name='Time Per Person' value='0.5'/>
      </wbsNode>
      <wbsNode name='Corrección de historia de usuario para editar grupo.' id='8561989' type='Documentation Task' indentLevel='2'>
        <attr name='FFS-Time (Top Down)' value='0.3'/>
        <attr name='Time (Top Down)' value='0.3'/>
        <attr name='Time Per Person' value='0.3'/>
      </wbsNode>
      <wbsNode name='Historia de usuario para eliminar número de control de alumno.' id='8561990' type='Documentation Task' indentLevel='2'>
        <attr name='FFS-Time (Top Down)' value='0.3'/>
        <attr name='Time (Top Down)' value='0.3'/>
        <attr name='Time Per Person' value='0.3'/>
      </wbsNode>
      <wbsNode name='Revisión de historia de usuario para eliminar número de control de alumno.' id='8561991' type='Documentation Task' indentLevel='2'>
        <attr name='KYCS-Time (Top Down)' value='0.5'/>
        <attr name='Time (Top Down)' value='0.5'/>
        <attr name='Time Per Person' value='0.5'/>
      </wbsNode>
      <wbsNode name='Corrección de historia de usuario para eliminar número de control de alumno.' id='8561992' type='Documentation Task' indentLevel='2'>
        <attr name='FFS-Time (Top Down)' value='0.3'/>
        <attr name='Time (Top Down)' value='0.3'/>
        <attr name='Time Per Person' value='0.3'/>
      </wbsNode>
      <wbsNode name='Historia de usuario para eliminar alumno.' id='8561993' type='Documentation Task' indentLevel='2'>
        <attr name='BMFG-Time (Top Down)' value='1.0'/>
        <attr name='Time (Top Down)' value='1.0'/>
        <attr name='Time Per Person' value='1.0'/>
      </wbsNode>
      <wbsNode name='Revisión de historia de usuario para eliminar alumno.' id='8561994' type='Documentation Task' indentLevel='2'>
        <attr name='FFS-Time (Top Down)' value='0.3'/>
        <attr name='Time (Top Down)' value='0.3'/>
        <attr name='Time Per Person' value='0.3'/>
      </wbsNode>
      <wbsNode name='Modificación de historia de usuario para eliminar alumno.' id='8561995' type='Documentation Task' indentLevel='2'>
        <attr name='CLDS-Time (Top Down)' value='0.6'/>
        <attr name='Time (Top Down)' value='0.6'/>
        <attr name='Time Per Person' value='0.6'/>
      </wbsNode>
      <wbsNode name='Historia de usuario para eliminar grupo.' id='8561996' type='Documentation Task' indentLevel='2'>
        <attr name='BMFG-Time (Top Down)' value='0.5'/>
        <attr name='Time (Top Down)' value='0.5'/>
        <attr name='Time Per Person' value='0.5'/>
      </wbsNode>
      <wbsNode name='Revisión de historia de usuario para eliminar grupo.' id='8561997' type='Documentation Task' indentLevel='2'>
        <attr name='CLDS-Time (Top Down)' value='0.5'/>
        <attr name='Time (Top Down)' value='0.5'/>
        <attr name='Time Per Person' value='0.5'/>
      </wbsNode>
      <wbsNode name='Corrección de historia de usuario para eliminar grupo.' id='8561998' type='Documentation Task' indentLevel='2'>
        <attr name='BMFG-Time (Top Down)' value='1.0'/>
        <attr name='Time (Top Down)' value='1.0'/>
        <attr name='Time Per Person' value='1.0'/>
      </wbsNode>
      <wbsNode name='Historia de usuario para eliminar carrera.' id='8561999' type='Documentation Task' indentLevel='2'>
        <attr name='BMFG-Time (Top Down)' value='0.5'/>
        <attr name='Time (Top Down)' value='0.5'/>
        <attr name='Time Per Person' value='0.5'/>
      </wbsNode>
      <wbsNode name='Revisión de historia de usuario para eliminar carrera.' id='8562000' type='Documentation Task' indentLevel='2'>
        <attr name='KYCS-Time (Top Down)' value='0.5'/>
        <attr name='Time (Top Down)' value='0.5'/>
        <attr name='Time Per Person' value='0.5'/>
      </wbsNode>
      <wbsNode name='Corrección de historia de usuario para eliminar carrera.' id='8562001' type='Documentation Task' indentLevel='2'>
        <attr name='BMFG-Time (Top Down)' value='0.5'/>
        <attr name='Time (Top Down)' value='0.5'/>
        <attr name='Time Per Person' value='0.5'/>
      </wbsNode>
      <wbsNode name='Historia de usuario para ver pagos libro.' id='8562002' type='Documentation Task' indentLevel='2'>
        <attr name='CLDS-Time (Top Down)' value='2.0'/>
        <attr name='Time (Top Down)' value='2.0'/>
        <attr name='Time Per Person' value='2.0'/>
      </wbsNode>
      <wbsNode name='Revisión de historia de usuario para ver pagos libro' id='8562003' type='Documentation Task' indentLevel='2'>
        <attr name='BMFG-Time (Top Down)' value='0.5'/>
        <attr name='Time (Top Down)' value='0.5'/>
        <attr name='Time Per Person' value='0.5'/>
      </wbsNode>
      <wbsNode name='Corrección de historia de usuario para ver pagos libro' id='8562004' type='Documentation Task' indentLevel='2'>
        <attr name='FFS-Time (Top Down)' value='0.5'/>
        <attr name='Time (Top Down)' value='0.5'/>
        <attr name='Time Per Person' value='0.5'/>
      </wbsNode>
      <wbsNode name='Historia de usuario para ver pagos curso' id='8562005' type='Documentation Task' indentLevel='2'>
        <attr name='KYCS-Time (Top Down)' value='1.0'/>
        <attr name='Time (Top Down)' value='1.0'/>
        <attr name='Time Per Person' value='1.0'/>
      </wbsNode>
      <wbsNode name='Revisión de historia de usuario para ver pagos curso.' id='8562006' type='Documentation Task' indentLevel='2'>
        <attr name='KYCS-Time (Top Down)' value='0.5'/>
        <attr name='Time (Top Down)' value='0.5'/>
        <attr name='Time Per Person' value='0.5'/>
      </wbsNode>
      <wbsNode name='Corrección de historia de usuario para ver pagos curso' id='8562007' type='Documentation Task' indentLevel='2'>
        <attr name='CLDS-Time (Top Down)' value='0.7'/>
        <attr name='Time (Top Down)' value='0.7'/>
        <attr name='Time Per Person' value='0.7'/>
      </wbsNode>
      <wbsNode name='Historia de usuario para ver calificación.' id='8562008' type='Documentation Task' indentLevel='2'>
        <attr name='KYCS-Time (Top Down)' value='2.0'/>
        <attr name='Time (Top Down)' value='2.0'/>
        <attr name='Time Per Person' value='2.0'/>
      </wbsNode>
      <wbsNode name='Revisión de historia de usuario para ver calificación.' id='8562009' type='Documentation Task' indentLevel='2'>
        <attr name='CLDS-Time (Top Down)' value='0.7'/>
        <attr name='Time (Top Down)' value='0.7'/>
        <attr name='Time Per Person' value='0.7'/>
      </wbsNode>
      <wbsNode name='Corrección de historia de usuario para ver calificación.' id='8562010' type='Documentation Task' indentLevel='2'>
        <attr name='KYCS-Time (Top Down)' value='0.5'/>
        <attr name='Time (Top Down)' value='0.5'/>
        <attr name='Time Per Person' value='0.5'/>
      </wbsNode>
      <wbsNode name='Historia de usuario para ver alumno' id='8562011' type='Documentation Task' indentLevel='2'>
        <attr name='BMFG-Time (Top Down)' value='0.5'/>
        <attr name='CLDS-Time (Top Down)' value='0.5'/>
        <attr name='Time (Top Down)' value='1.0'/>
        <attr name='Time Per Person' value='0.5'/>
      </wbsNode>
      <wbsNode name='Revisión de historia de usuario para ver alumno.' id='8562012' type='Documentation Task' indentLevel='2'>
        <attr name='FFS-Time (Top Down)' value='0.5'/>
        <attr name='Time (Top Down)' value='0.5'/>
        <attr name='Time Per Person' value='0.5'/>
      </wbsNode>
      <wbsNode name='Modificación de historia de usuario para ver alumno' id='8562013' type='Documentation Task' indentLevel='2'>
        <attr name='BMFG-Time (Top Down)' value='0.5'/>
        <attr name='Time (Top Down)' value='0.5'/>
        <attr name='Time Per Person' value='0.5'/>
      </wbsNode>
      <wbsNode name='Historia de usuario para consulta por nombre' id='8562014' type='Documentation Task' indentLevel='2'>
        <attr name='BMFG-Time (Top Down)' value='1.0'/>
        <attr name='CLDS-Time (Top Down)' value='1.0'/>
        <attr name='Time (Top Down)' value='2.0'/>
        <attr name='Time Per Person' value='1.0'/>
      </wbsNode>
      <wbsNode name='Revisión de historia de usuario para consulta por nombre' id='8562015' type='Documentation Task' indentLevel='2'>
        <attr name='FFS-Time (Top Down)' value='0.5'/>
        <attr name='Time (Top Down)' value='0.5'/>
        <attr name='Time Per Person' value='0.5'/>
      </wbsNode>
      <wbsNode name='Corrección de historia de usuario para consulta por nombre' id='8562016' type='Documentation Task' indentLevel='2'>
        <attr name='BMFG-Time (Top Down)' value='1.0'/>
        <attr name='Time (Top Down)' value='1.0'/>
        <attr name='Time Per Person' value='1.0'/>
      </wbsNode>
      <wbsNode name='Historia de usuario para consulta por carrera.' id='8562017' type='Documentation Task' indentLevel='2'>
        <attr name='CLDS-Time (Top Down)' value='0.5'/>
        <attr name='Time (Top Down)' value='0.5'/>
        <attr name='Time Per Person' value='0.5'/>
      </wbsNode>
      <wbsNode name='Revisión de historia de usuario para consulta por carrera' id='8562018' type='Documentation Task' indentLevel='2'>
        <attr name='KYCS-Time (Top Down)' value='0.5'/>
        <attr name='Time (Top Down)' value='0.5'/>
        <attr name='Time Per Person' value='0.5'/>
      </wbsNode>
      <wbsNode name='Corrección de historia de usuario para consulta por carrera.' id='8562019' type='Documentation Task' indentLevel='2'>
        <attr name='FFS-Time (Top Down)' value='0.5'/>
        <attr name='Time (Top Down)' value='0.5'/>
        <attr name='Time Per Person' value='0.5'/>
      </wbsNode>
      <wbsNode name='Historia de usuario para consulta por número de control.' id='8562020' type='Documentation Task' indentLevel='2'>
        <attr name='BMFG-Time (Top Down)' value='0.7'/>
        <attr name='KYCS-Time (Top Down)' value='1.0'/>
        <attr name='Time (Top Down)' value='1.7'/>
        <attr name='Time Per Person' value='1.0'/>
      </wbsNode>
      <wbsNode name='Revisión de historia de usuario para consulta por número de control.' id='8562021' type='Documentation Task' indentLevel='2'>
        <attr name='FFS-Time (Top Down)' value='0.5'/>
        <attr name='Time (Top Down)' value='0.5'/>
        <attr name='Time Per Person' value='0.5'/>
      </wbsNode>
      <wbsNode name='Corrección de historia de usuario para consulta por número de control.' id='8562022' type='Documentation Task' indentLevel='2'>
        <attr name='KYCS-Time (Top Down)' value='0.5'/>
        <attr name='Time (Top Down)' value='0.5'/>
        <attr name='Time Per Person' value='0.5'/>
      </wbsNode>
      <wbsNode name='Overhead' id='8562023' type='Design Task' indentLevel='2'>
        <attr name='BMFG-Time (Top Down)' value='0.5'/>
        <attr name='CLDS-Time (Top Down)' value='0.5'/>
        <attr name='KYCS-Time (Top Down)' value='0.5'/>
        <attr name='Time (Top Down)' value='1.5'/>
        <attr name='Time Per Person' value='0.5'/>
      </wbsNode>
    <wbsNode name='Semana3' id='8561607' type='Software Component' indentLevel='1'/>
      <wbsNode name='Preparación para la reunión con el cliente avances (Semana3, junta 2)' id='8562024' type='Documentation Task' indentLevel='2'>
        <attr name='BMFG-Time (Top Down)' value='1.0'/>
        <attr name='CLDS-Time (Top Down)' value='1.0'/>
        <attr name='FFS-Time (Top Down)' value='1.0'/>
        <attr name='KYCS-Time (Top Down)' value='1.0'/>
        <attr name='Time (Top Down)' value='4.0'/>
        <attr name='Time Per Person' value='1.0'/>
      </wbsNode>
      <wbsNode name='Reunión con el cliente para avances (semana 3, junta 2)' id='8562025' type='Documentation Task' indentLevel='2'>
        <attr name='BMFG-Time (Top Down)' value='0.5'/>
        <attr name='CLDS-Time (Top Down)' value='0.5'/>
        <attr name='FFS-Time (Top Down)' value='0.5'/>
        <attr name='KYCS-Time (Top Down)' value='0.5'/>
        <attr name='Time (Top Down)' value='2.0'/>
        <attr name='Time Per Person' value='0.5'/>
      </wbsNode>
      <wbsNode name='Preparación reunion equipo(Semana3)' id='8562026' type='Documentation Task' indentLevel='2'>
        <attr name='BMFG-Time (Top Down)' value='0.5'/>
        <attr name='CLDS-Time (Top Down)' value='1.0'/>
        <attr name='FFS-Time (Top Down)' value='0.5'/>
        <attr name='KYCS-Time (Top Down)' value='0.5'/>
        <attr name='Time (Top Down)' value='2.5'/>
        <attr name='Time Per Person' value='0.5'/>
      </wbsNode>
      <wbsNode name='Reunión de equipo (semana 3)' id='8562027' type='Documentation Task' indentLevel='2'>
        <attr name='BMFG-Time (Top Down)' value='1.0'/>
        <attr name='CLDS-Time (Top Down)' value='1.0'/>
        <attr name='FFS-Time (Top Down)' value='1.0'/>
        <attr name='KYCS-Time (Top Down)' value='1.0'/>
        <attr name='Time (Top Down)' value='4.0'/>
        <attr name='Time Per Person' value='1.0'/>
      </wbsNode>
      <wbsNode name='Rol gerente Lider (semana 3)' id='8562028' type='Design Task' indentLevel='2'>
        <attr name='KYCS-Time (Top Down)' value='1.0'/>
        <attr name='Time (Top Down)' value='1.0'/>
        <attr name='Time Per Person' value='1.0'/>
      </wbsNode>
      <wbsNode name='Rol gerente Planeación (semana 3)' id='8562029' type='Design Task' indentLevel='2'>
        <attr name='CLDS-Time (Top Down)' value='1.0'/>
        <attr name='Time (Top Down)' value='1.0'/>
        <attr name='Time Per Person' value='1.0'/>
      </wbsNode>
      <wbsNode name='Rol gerente Desarrollo (semana 3)' id='8562030' type='Design Task' indentLevel='2'>
        <attr name='BMFG-Time (Top Down)' value='1.0'/>
        <attr name='Time (Top Down)' value='1.0'/>
        <attr name='Time Per Person' value='1.0'/>
      </wbsNode>
      <wbsNode name='Rol gerente soporte (semana 3)' id='8562031' type='Design Task' indentLevel='2'>
        <attr name='FFS-Time (Top Down)' value='1.0'/>
        <attr name='Time (Top Down)' value='1.0'/>
        <attr name='Time Per Person' value='1.0'/>
      </wbsNode>
      <wbsNode name='Rol gerente Calidad  (semana 3)' id='8562032' type='Design Task' indentLevel='2'>
        <attr name='BMFG-Time (Top Down)' value='0.2'/>
        <attr name='CLDS-Time (Top Down)' value='0.2'/>
        <attr name='FFS-Time (Top Down)' value='0.2'/>
        <attr name='KYCS-Time (Top Down)' value='0.2'/>
        <attr name='Time (Top Down)' value='0.8'/>
        <attr name='Time Per Person' value='0.2'/>
      </wbsNode>
      <wbsNode name='Historia de usuario para consulta por grupo.' id='8562033' type='Documentation Task' indentLevel='2'>
        <attr name='BMFG-Time (Top Down)' value='1.0'/>
        <attr name='Time (Top Down)' value='1.0'/>
        <attr name='Time Per Person' value='1.0'/>
      </wbsNode>
      <wbsNode name='Revisión de historia de usuario para consulta por grupo.' id='8562034' type='Documentation Task' indentLevel='2'>
        <attr name='FFS-Time (Top Down)' value='1.0'/>
        <attr name='Time (Top Down)' value='1.0'/>
        <attr name='Time Per Person' value='1.0'/>
      </wbsNode>
      <wbsNode name='Corrección de historia de usuario para consulta por grupo.' id='8562035' type='Documentation Task' indentLevel='2'>
        <attr name='CLDS-Time (Top Down)' value='0.5'/>
        <attr name='Time (Top Down)' value='0.5'/>
        <attr name='Time Per Person' value='0.5'/>
      </wbsNode>
      <wbsNode name='Historia de usuario para consulta correra.' id='8562036' type='Documentation Task' indentLevel='2'>
        <attr name='BMFG-Time (Top Down)' value='0.5'/>
        <attr name='CLDS-Time (Top Down)' value='0.5'/>
        <attr name='Time (Top Down)' value='1.0'/>
        <attr name='Time Per Person' value='0.5'/>
      </wbsNode>
      <wbsNode name='Revisión de historia de usuario para consulta individualmente.' id='8562037' type='Documentation Task' indentLevel='2'>
        <attr name='KYCS-Time (Top Down)' value='0.7'/>
        <attr name='Time (Top Down)' value='0.7'/>
        <attr name='Time Per Person' value='0.7'/>
      </wbsNode>
      <wbsNode name='Corrección de historia de usuario para consulta individualmente.' id='8562038' type='Documentation Task' indentLevel='2'>
        <attr name='CLDS-Time (Top Down)' value='0.5'/>
        <attr name='Time (Top Down)' value='0.5'/>
        <attr name='Time Per Person' value='0.5'/>
      </wbsNode>
      <wbsNode name='Verificación del SRS' id='8562039' type='Documentation Task' indentLevel='2'>
        <attr name='BMFG-Time (Top Down)' value='0.5'/>
        <attr name='Time (Top Down)' value='0.5'/>
        <attr name='Time Per Person' value='0.5'/>
      </wbsNode>
      <wbsNode name='Validación SRS' id='8562040' type='Documentation Task' indentLevel='2'>
        <attr name='BMFG-Time (Top Down)' value='0.5'/>
        <attr name='Time (Top Down)' value='0.5'/>
        <attr name='Time Per Person' value='0.5'/>
      </wbsNode>
      <wbsNode name='Creación de Arquitectura de Software' id='8562041' type='Documentation Task' indentLevel='2'>
        <attr name='BMFG-Time (Top Down)' value='0.5'/>
        <attr name='CLDS-Time (Top Down)' value='0.5'/>
        <attr name='KYCS-Time (Top Down)' value='0.7'/>
        <attr name='Time (Top Down)' value='1.7'/>
        <attr name='Time Per Person' value='0.5'/>
      </wbsNode>
      <wbsNode name='Creación de prototipos para cada historia de usuario.' id='8562042' type='Documentation Task' indentLevel='2'>
        <attr name='BMFG-Time (Top Down)' value='0.5'/>
        <attr name='Time (Top Down)' value='0.5'/>
        <attr name='Time Per Person' value='0.5'/>
      </wbsNode>
      <wbsNode name='Revisión de prototipos de cada historia de usuario.' id='8562043' type='Documentation Task' indentLevel='2'>
        <attr name='BMFG-Time (Top Down)' value='0.2'/>
        <attr name='CLDS-Time (Top Down)' value='0.2'/>
        <attr name='KYCS-Time (Top Down)' value='0.2'/>
        <attr name='Time (Top Down)' value='0.6000000000000001'/>
        <attr name='Time Per Person' value='0.2'/>
      </wbsNode>
      <wbsNode name='Corrección de prototipos de cada historia de usuario.' id='8562044' type='Documentation Task' indentLevel='2'>
        <attr name='BMFG-Time (Top Down)' value='0.5'/>
        <attr name='Time (Top Down)' value='0.5'/>
        <attr name='Time Per Person' value='0.5'/>
      </wbsNode>
      <wbsNode name='Creación de diagrama caso de uso' id='8562045' type='Documentation Task' indentLevel='2'>
        <attr name='CLDS-Time (Top Down)' value='0.5'/>
        <attr name='Time (Top Down)' value='0.5'/>
        <attr name='Time Per Person' value='0.5'/>
      </wbsNode>
      <wbsNode name='Revisión de diagrama soporte (2)' id='8562046' type='Documentation Task' indentLevel='2'>
        <attr name='FFS-Time (Top Down)' value='1.0'/>
        <attr name='Time (Top Down)' value='1.0'/>
        <attr name='Time Per Person' value='1.0'/>
      </wbsNode>
      <wbsNode name='Corrección de diagrama soporte (2)' id='8562047' type='Documentation Task' indentLevel='2'>
        <attr name='BMFG-Time (Top Down)' value='1.0'/>
        <attr name='Time (Top Down)' value='1.0'/>
        <attr name='Time Per Person' value='1.0'/>
      </wbsNode>
      <wbsNode name='Creación de diagrama de colaboración' id='8562048' type='Documentation Task' indentLevel='2'>
        <attr name='CLDS-Time (Top Down)' value='0.5'/>
        <attr name='Time (Top Down)' value='0.5'/>
        <attr name='Time Per Person' value='0.5'/>
      </wbsNode>
      <wbsNode name='Revisión de diagrama soporte (3)' id='8562049' type='Documentation Task' indentLevel='2'>
        <attr name='FFS-Time (Top Down)' value='0.5'/>
        <attr name='Time (Top Down)' value='0.5'/>
        <attr name='Time Per Person' value='0.5'/>
      </wbsNode>
      <wbsNode name='Corrección de diagrama soporte (3)' id='8562050' type='Documentation Task' indentLevel='2'>
        <attr name='FFS-Time (Top Down)' value='0.5'/>
        <attr name='Time (Top Down)' value='0.5'/>
        <attr name='Time Per Person' value='0.5'/>
      </wbsNode>
      <wbsNode name='Creación diagrama de desarrollo' id='8562051' type='Documentation Task' indentLevel='2'>
        <attr name='CLDS-Time (Top Down)' value='0.5'/>
        <attr name='Time (Top Down)' value='0.5'/>
        <attr name='Time Per Person' value='0.5'/>
      </wbsNode>
      <wbsNode name='Revisión de diagrama soporte (4)' id='8562052' type='Documentation Task' indentLevel='2'>
        <attr name='FFS-Time (Top Down)' value='0.5'/>
        <attr name='Time (Top Down)' value='0.5'/>
        <attr name='Time Per Person' value='0.5'/>
      </wbsNode>
      <wbsNode name='Corrección de diagrama soporte (4)' id='8562053' type='Documentation Task' indentLevel='2'>
        <attr name='FFS-Time (Top Down)' value='0.5'/>
        <attr name='Time (Top Down)' value='0.5'/>
        <attr name='Time Per Person' value='0.5'/>
      </wbsNode>
      <wbsNode name='Creación diagrama diccionario de datos' id='8562054' type='Documentation Task' indentLevel='2'>
        <attr name='CLDS-Time (Top Down)' value='0.5'/>
        <attr name='Time (Top Down)' value='0.5'/>
        <attr name='Time Per Person' value='0.5'/>
      </wbsNode>
      <wbsNode name='Revisión de diagrama soporte' id='8562055' type='Documentation Task' indentLevel='2'>
        <attr name='FFS-Time (Top Down)' value='0.5'/>
        <attr name='Time (Top Down)' value='0.5'/>
        <attr name='Time Per Person' value='0.5'/>
      </wbsNode>
      <wbsNode name='Corrección de diagrama soporte' id='8562056' type='Documentation Task' indentLevel='2'>
        <attr name='FFS-Time (Top Down)' value='0.5'/>
        <attr name='Time (Top Down)' value='0.5'/>
        <attr name='Time Per Person' value='0.5'/>
      </wbsNode>
      <wbsNode name='Creación de diagrama despliegue' id='8562057' type='Documentation Task' indentLevel='2'>
        <attr name='BMFG-Time (Top Down)' value='0.5'/>
        <attr name='KYCS-Time (Top Down)' value='1.0'/>
        <attr name='Time (Top Down)' value='1.5'/>
        <attr name='Time Per Person' value='1.0'/>
      </wbsNode>
      <wbsNode name='Revisión de diagrama despliegue' id='8562058' type='Documentation Task' indentLevel='2'>
        <attr name='CLDS-Time (Top Down)' value='0.7'/>
        <attr name='Time (Top Down)' value='0.7'/>
        <attr name='Time Per Person' value='0.7'/>
      </wbsNode>
      <wbsNode name='Corrección de diagrama despliegue' id='8562059' type='Documentation Task' indentLevel='2'>
        <attr name='FFS-Time (Top Down)' value='0.5'/>
        <attr name='Time (Top Down)' value='0.5'/>
        <attr name='Time Per Person' value='0.5'/>
      </wbsNode>
      <wbsNode name='Creación de diagrama arquitectura' id='8562060' type='Documentation Task' indentLevel='2'>
        <attr name='CLDS-Time (Top Down)' value='0.5'/>
        <attr name='Time (Top Down)' value='0.5'/>
        <attr name='Time Per Person' value='0.5'/>
      </wbsNode>
      <wbsNode name='Revisión de diagrama arquitectura' id='8562061' type='Documentation Task' indentLevel='2'>
        <attr name='FFS-Time (Top Down)' value='0.5'/>
        <attr name='Time (Top Down)' value='0.5'/>
        <attr name='Time Per Person' value='0.5'/>
      </wbsNode>
      <wbsNode name='Corrección de diagrama arquitectura' id='8562062' type='Documentation Task' indentLevel='2'>
        <attr name='KYCS-Time (Top Down)' value='1.0'/>
        <attr name='Time (Top Down)' value='1.0'/>
        <attr name='Time Per Person' value='1.0'/>
      </wbsNode>
      <wbsNode name='Creación de diagrama entidad-relación' id='8562063' type='Documentation Task' indentLevel='2'>
        <attr name='BMFG-Time (Top Down)' value='0.5'/>
        <attr name='CLDS-Time (Top Down)' value='0.3'/>
        <attr name='Time (Top Down)' value='0.8'/>
        <attr name='Time Per Person' value='0.3'/>
      </wbsNode>
      <wbsNode name='Revisión de diagrama entidad-relación' id='8562064' type='Documentation Task' indentLevel='2'>
        <attr name='KYCS-Time (Top Down)' value='0.5'/>
        <attr name='Time (Top Down)' value='0.5'/>
        <attr name='Time Per Person' value='0.5'/>
      </wbsNode>
      <wbsNode name='Corrección de diagrama entidad-relación' id='8562065' type='Documentation Task' indentLevel='2'>
        <attr name='KYCS-Time (Top Down)' value='0.5'/>
        <attr name='Time (Top Down)' value='0.5'/>
        <attr name='Time Per Person' value='0.5'/>
      </wbsNode>
      <wbsNode name='Creación de la base de datos' id='8562066' type='Documentation Task' indentLevel='2'>
        <attr name='KYCS-Time (Top Down)' value='0.5'/>
        <attr name='Time (Top Down)' value='0.5'/>
        <attr name='Time Per Person' value='0.5'/>
      </wbsNode>
      <wbsNode name='Conexión a la base de datos' id='8562067' type='Code Task' indentLevel='2'>
        <attr name='KYCS-Time (Top Down)' value='0.5'/>
        <attr name='Time (Top Down)' value='0.5'/>
        <attr name='Time Per Person' value='0.5'/>
      </wbsNode>
      <wbsNode name='Crear migraciones en Laravel' id='8562068' type='Code Task' indentLevel='2'>
        <attr name='KYCS-Time (Top Down)' value='0.5'/>
        <attr name='Time (Top Down)' value='0.5'/>
        <attr name='Time Per Person' value='0.5'/>
      </wbsNode>
    <wbsNode name='Semana4' id='8561608' type='Software Component' indentLevel='1'/>
      <wbsNode name='Preparación de Reunion ( Semana4)' id='8562098' type='Documentation Task' indentLevel='2'>
        <attr name='BMFG-Time (Top Down)' value='0.5'/>
        <attr name='CLDS-Time (Top Down)' value='1.0'/>
        <attr name='FFS-Time (Top Down)' value='0.5'/>
        <attr name='KYCS-Time (Top Down)' value='0.5'/>
        <attr name='Time (Top Down)' value='2.5'/>
        <attr name='Time Per Person' value='0.5'/>
      </wbsNode>
      <wbsNode name='Reunion en Equipo(semana 4)' id='8562099' type='Documentation Task' indentLevel='2'>
        <attr name='BMFG-Time (Top Down)' value='1.0'/>
        <attr name='CLDS-Time (Top Down)' value='1.0'/>
        <attr name='FFS-Time (Top Down)' value='1.0'/>
        <attr name='KYCS-Time (Top Down)' value='1.0'/>
        <attr name='Time (Top Down)' value='4.0'/>
        <attr name='Time Per Person' value='1.0'/>
      </wbsNode>
      <wbsNode name='Rol gerente Lider (Semana 4)' id='8562100' type='Design Task' indentLevel='2'>
        <attr name='KYCS-Time (Top Down)' value='1.0'/>
        <attr name='Time (Top Down)' value='1.0'/>
        <attr name='Time Per Person' value='1.0'/>
      </wbsNode>
      <wbsNode name='Rol gerente Planeación (Semana 4)' id='8562101' type='Design Task' indentLevel='2'>
        <attr name='CLDS-Time (Top Down)' value='1.0'/>
        <attr name='Time (Top Down)' value='1.0'/>
        <attr name='Time Per Person' value='1.0'/>
      </wbsNode>
      <wbsNode name='Rol gerente Desarrollo (Semana 4)' id='8562102' type='Design Task' indentLevel='2'>
        <attr name='BMFG-Time (Top Down)' value='1.0'/>
        <attr name='Time (Top Down)' value='1.0'/>
        <attr name='Time Per Person' value='1.0'/>
      </wbsNode>
      <wbsNode name='Rol gerente soporte (Semana 4)' id='8562103' type='Design Task' indentLevel='2'>
        <attr name='FFS-Time (Top Down)' value='1.0'/>
        <attr name='Time (Top Down)' value='1.0'/>
        <attr name='Time Per Person' value='1.0'/>
      </wbsNode>
      <wbsNode name='Rol gerente Calidad' id='8562104' type='Design Task' indentLevel='2'>
        <attr name='BMFG-Time (Top Down)' value='0.2'/>
        <attr name='CLDS-Time (Top Down)' value='0.2'/>
        <attr name='FFS-Time (Top Down)' value='0.5'/>
        <attr name='KYCS-Time (Top Down)' value='0.2'/>
        <attr name='Time (Top Down)' value='1.0999999999999999'/>
        <attr name='Time Per Person' value='0.2'/>
      </wbsNode>
      <wbsNode name='Revisión de la  creación de base de datos' id='8562105' type='Documentation Task' indentLevel='2'>
        <attr name='CLDS-Time (Top Down)' value='1.0'/>
        <attr name='KYCS-Time (Top Down)' value='0.5'/>
        <attr name='Time (Top Down)' value='1.5'/>
        <attr name='Time Per Person' value='1.0'/>
      </wbsNode>
      <wbsNode name='Corrección de base de datos' id='8562106' type='Documentation Task' indentLevel='2'>
        <attr name='CLDS-Time (Top Down)' value='0.5'/>
        <attr name='KYCS-Time (Top Down)' value='0.5'/>
        <attr name='Time (Top Down)' value='1.0'/>
        <attr name='Time Per Person' value='0.5'/>
      </wbsNode>
      <wbsNode name='Creación de inicio de sesión (admin)' id='8562107' type='Code Task' indentLevel='2'>
        <attr name='CLDS-Time (Top Down)' value='2.0'/>
        <attr name='KYCS-Time (Top Down)' value='1.0'/>
        <attr name='Time (Top Down)' value='3.0'/>
        <attr name='Time Per Person' value='2.0'/>
      </wbsNode>
      <wbsNode name='Revisión  de usuario para inicio de sesión (2)' id='8562108' type='Code Task' indentLevel='2'>
        <attr name='BMFG-Time (Top Down)' value='0.5'/>
        <attr name='Time (Top Down)' value='0.5'/>
        <attr name='Time Per Person' value='0.5'/>
      </wbsNode>
      <wbsNode name='Modificación  de usuario para inicio de sesión (2)' id='8562109' type='Code Task' indentLevel='2'>
        <attr name='CLDS-Time (Top Down)' value='0.5'/>
        <attr name='Time (Top Down)' value='0.5'/>
        <attr name='Time Per Person' value='0.5'/>
      </wbsNode>
      <wbsNode name='Creación de inicio de sesión (invitado)' id='8562110' type='Code Task' indentLevel='2'>
        <attr name='FFS-Time (Top Down)' value='0.5'/>
        <attr name='Time (Top Down)' value='0.5'/>
        <attr name='Time Per Person' value='0.5'/>
      </wbsNode>
      <wbsNode name='Revisión  de usuario para inicio de sesión' id='8562111' type='Code Task' indentLevel='2'>
        <attr name='CLDS-Time (Top Down)' value='0.6'/>
        <attr name='Time (Top Down)' value='0.6'/>
        <attr name='Time Per Person' value='0.6'/>
      </wbsNode>
      <wbsNode name='Modificación  de usuario para inicio de sesión' id='8562112' type='Code Task' indentLevel='2'>
        <attr name='FFS-Time (Top Down)' value='1.0'/>
        <attr name='Time (Top Down)' value='1.0'/>
        <attr name='Time Per Person' value='1.0'/>
      </wbsNode>
      <wbsNode name='Creación de registro  de alumnos' id='8562113' type='Code Task' indentLevel='2'>
        <attr name='KYCS-Time (Top Down)' value='0.7'/>
        <attr name='Time (Top Down)' value='0.7'/>
        <attr name='Time Per Person' value='0.7'/>
      </wbsNode>
      <wbsNode name='Revisión de  usuario para registro de alumnos' id='8562114' type='Code Task' indentLevel='2'>
        <attr name='FFS-Time (Top Down)' value='1.0'/>
        <attr name='Time (Top Down)' value='1.0'/>
        <attr name='Time Per Person' value='1.0'/>
      </wbsNode>
      <wbsNode name='Modificación de  usuario para registro de alumnos' id='8562115' type='Code Task' indentLevel='2'>
        <attr name='KYCS-Time (Top Down)' value='0.5'/>
        <attr name='Time (Top Down)' value='0.5'/>
        <attr name='Time Per Person' value='0.5'/>
      </wbsNode>
      <wbsNode name='Creación y codificación de rutas, controladores, modelos y vistas para inicio de sesión(Admin)' id='8562116' type='Code Task' indentLevel='2'>
        <attr name='CLDS-Time (Top Down)' value='0.2'/>
        <attr name='Time (Top Down)' value='0.2'/>
        <attr name='Time Per Person' value='0.2'/>
      </wbsNode>
      <wbsNode name='Creación y codificación de rutas, controladores, modelos y vistas para inicio de sesión(Invitado)' id='8562117' type='Code Task' indentLevel='2'>
        <attr name='CLDS-Time (Top Down)' value='0.2'/>
        <attr name='Time (Top Down)' value='0.2'/>
        <attr name='Time Per Person' value='0.2'/>
      </wbsNode>
      <wbsNode name='Creación y codificación de rutas, controladores, modelos y vistas para el registro de alumnos' id='8562118' type='Code Task' indentLevel='2'>
        <attr name='BMFG-Time (Top Down)' value='0.5'/>
        <attr name='Time (Top Down)' value='0.5'/>
        <attr name='Time Per Person' value='0.5'/>
      </wbsNode>
      <wbsNode name='Creación y codificación de rutas, controladores, modelos y vistas para agregar alumno.' id='8562119' type='Code Task' indentLevel='2'>
        <attr name='BMFG-Time (Top Down)' value='0.5'/>
        <attr name='Time (Top Down)' value='0.5'/>
        <attr name='Time Per Person' value='0.5'/>
      </wbsNode>
      <wbsNode name='Creación y codificación de rutas, controladores, modelos y vistas para agregar carrera.' id='8562120' type='Code Task' indentLevel='2'>
        <attr name='BMFG-Time (Top Down)' value='1.0'/>
        <attr name='Time (Top Down)' value='1.0'/>
        <attr name='Time Per Person' value='1.0'/>
      </wbsNode>
      <wbsNode name='Creación y codificación de rutas, controladores, modelos y vistas para agregar pagos libro' id='8562121' type='Code Task' indentLevel='2'>
        <attr name='BMFG-Time (Top Down)' value='0.5'/>
        <attr name='Time (Top Down)' value='0.5'/>
        <attr name='Time Per Person' value='0.5'/>
      </wbsNode>
      <wbsNode name='Creación y codificación de rutas, controladores, modelos y vistas para agregar pagos curso' id='8562122' type='Code Task' indentLevel='2'>
        <attr name='BMFG-Time (Top Down)' value='0.5'/>
        <attr name='Time (Top Down)' value='0.5'/>
        <attr name='Time Per Person' value='0.5'/>
      </wbsNode>
      <wbsNode name='Creación y codificación de rutas, controladores, modelos y vistas para agregar grupo.' id='8562123' type='Code Task' indentLevel='2'>
        <attr name='BMFG-Time (Top Down)' value='0.5'/>
        <attr name='Time (Top Down)' value='0.5'/>
        <attr name='Time Per Person' value='0.5'/>
      </wbsNode>
      <wbsNode name='Creación y codificación de rutas, controladores, modelos y vistas para agregar calificación.' id='8562124' type='Code Task' indentLevel='2'>
        <attr name='BMFG-Time (Top Down)' value='0.5'/>
        <attr name='Time (Top Down)' value='0.5'/>
        <attr name='Time Per Person' value='0.5'/>
      </wbsNode>
      <wbsNode name='Creación y codificación de rutas, controladores, modelos y vistas para agregar numero de control de  alumno.' id='8562125' type='Code Task' indentLevel='2'>
        <attr name='BMFG-Time (Top Down)' value='0.5'/>
        <attr name='Time (Top Down)' value='0.5'/>
        <attr name='Time Per Person' value='0.5'/>
      </wbsNode>
      <wbsNode name='Creación y codificación de rutas, controladores, modelos y vistas para editar alumno.' id='8562126' type='Code Task' indentLevel='2'>
        <attr name='BMFG-Time (Top Down)' value='0.5'/>
        <attr name='Time (Top Down)' value='0.5'/>
        <attr name='Time Per Person' value='0.5'/>
      </wbsNode>
      <wbsNode name='Creación y codificación de rutas, controladores, modelos y vistas para editar carrera.' id='8562127' type='Code Task' indentLevel='2'>
        <attr name='BMFG-Time (Top Down)' value='0.5'/>
        <attr name='Time (Top Down)' value='0.5'/>
        <attr name='Time Per Person' value='0.5'/>
      </wbsNode>
      <wbsNode name='Creación y codificación de rutas, controladores, modelos y vistas para editar pagos libro.' id='8562128' type='Code Task' indentLevel='2'>
        <attr name='BMFG-Time (Top Down)' value='0.5'/>
        <attr name='Time (Top Down)' value='0.5'/>
        <attr name='Time Per Person' value='0.5'/>
      </wbsNode>
      <wbsNode name='Creación y codificación de rutas, controladores, modelos y vistas para editar pagos curso' id='8562129' type='Code Task' indentLevel='2'>
        <attr name='BMFG-Time (Top Down)' value='0.5'/>
        <attr name='Time (Top Down)' value='0.5'/>
        <attr name='Time Per Person' value='0.5'/>
      </wbsNode>
      <wbsNode name='Creación y codificación de rutas, controladores, modelos y vistas para editar grupo.' id='8562130' type='Code Task' indentLevel='2'>
        <attr name='BMFG-Time (Top Down)' value='0.2'/>
        <attr name='Time (Top Down)' value='0.2'/>
        <attr name='Time Per Person' value='0.2'/>
      </wbsNode>
      <wbsNode name='Creación y codificación de rutas, controladores, modelos y vistas para editar calificación.' id='8562131' type='Code Task' indentLevel='2'>
        <attr name='FFS-Time (Top Down)' value='1.0'/>
        <attr name='Time (Top Down)' value='1.0'/>
        <attr name='Time Per Person' value='1.0'/>
      </wbsNode>
      <wbsNode name='Creación y codificación de rutas, controladores, modelos y vistas para editar numero de control de  alumno.' id='8562132' type='Code Task' indentLevel='2'>
        <attr name='FFS-Time (Top Down)' value='1.0'/>
        <attr name='Time (Top Down)' value='1.0'/>
        <attr name='Time Per Person' value='1.0'/>
      </wbsNode>
      <wbsNode name='Creación y codificación de rutas, controladores, modelos y vistas para eliminar alumno.' id='8562133' type='Code Task' indentLevel='2'>
        <attr name='FFS-Time (Top Down)' value='1.0'/>
        <attr name='Time (Top Down)' value='1.0'/>
        <attr name='Time Per Person' value='1.0'/>
      </wbsNode>
      <wbsNode name='Creación y codificación de rutas, controladores, modelos y vistas para eliminar carrera.' id='8562134' type='Code Task' indentLevel='2'>
        <attr name='FFS-Time (Top Down)' value='1.0'/>
        <attr name='Time (Top Down)' value='1.0'/>
        <attr name='Time Per Person' value='1.0'/>
      </wbsNode>
      <wbsNode name='Creación y codificación de rutas, controladores, modelos y vistas para eliminar pagos libro.' id='8562135' type='Code Task' indentLevel='2'>
        <attr name='FFS-Time (Top Down)' value='1.0'/>
        <attr name='Time (Top Down)' value='1.0'/>
        <attr name='Time Per Person' value='1.0'/>
      </wbsNode>
      <wbsNode name='Creación y codificación de rutas, controladores, modelos y vistas para eliminar pagos curso' id='8562136' type='Code Task' indentLevel='2'>
        <attr name='KYCS-Time (Top Down)' value='0.5'/>
        <attr name='Time (Top Down)' value='0.5'/>
        <attr name='Time Per Person' value='0.5'/>
      </wbsNode>
      <wbsNode name='Creación y codificación de rutas, controladores, modelos y vistas para eliminar grupo.' id='8562137' type='Code Task' indentLevel='2'>
        <attr name='KYCS-Time (Top Down)' value='0.5'/>
        <attr name='Time (Top Down)' value='0.5'/>
        <attr name='Time Per Person' value='0.5'/>
      </wbsNode>
      <wbsNode name='Creación y codificación de rutas, controladores, modelos y vistas para eliminar calificación.' id='8562138' type='Code Task' indentLevel='2'>
        <attr name='KYCS-Time (Top Down)' value='0.5'/>
        <attr name='Time (Top Down)' value='0.5'/>
        <attr name='Time Per Person' value='0.5'/>
      </wbsNode>
      <wbsNode name='Creación y codificación de rutas, controladores, modelos y vistas para eliminar numero de control de  alumno.' id='8562139' type='Code Task' indentLevel='2'>
        <attr name='KYCS-Time (Top Down)' value='0.5'/>
        <attr name='Time (Top Down)' value='0.5'/>
        <attr name='Time Per Person' value='0.5'/>
      </wbsNode>
      <wbsNode name='Creación y codificación de rutas, controladores, modelos y vistas para las consultas por carrera.' id='8562140' type='Code Task' indentLevel='2'>
        <attr name='KYCS-Time (Top Down)' value='0.5'/>
        <attr name='Time (Top Down)' value='0.5'/>
        <attr name='Time Per Person' value='0.5'/>
      </wbsNode>
      <wbsNode name='Creación y codificación de rutas, controladores, modelos y vistas para las consultas por grupo' id='8562141' type='Code Task' indentLevel='2'>
        <attr name='KYCS-Time (Top Down)' value='0.5'/>
        <attr name='Time (Top Down)' value='0.5'/>
        <attr name='Time Per Person' value='0.5'/>
      </wbsNode>
      <wbsNode name='Creación y codificación de rutas, controladores, modelos y vistas para las consultas por nombre' id='8562142' type='Code Task' indentLevel='2'>
        <attr name='KYCS-Time (Top Down)' value='0.5'/>
        <attr name='Time (Top Down)' value='0.5'/>
        <attr name='Time Per Person' value='0.5'/>
      </wbsNode>
      <wbsNode name='Creación y codificación de rutas, controladores, modelos y vistas para las consultas por número de control' id='8562143' type='Code Task' indentLevel='2'>
        <attr name='KYCS-Time (Top Down)' value='0.5'/>
        <attr name='Time (Top Down)' value='0.5'/>
        <attr name='Time Per Person' value='0.5'/>
      </wbsNode>
      <wbsNode name='Creación y codificación de rutas, controladores, modelos y vistas para ver alumno.' id='8562144' type='Code Task' indentLevel='2'>
        <attr name='CLDS-Time (Top Down)' value='0.2'/>
        <attr name='Time (Top Down)' value='0.2'/>
        <attr name='Time Per Person' value='0.2'/>
      </wbsNode>
      <wbsNode name='Creación y codificación de rutas, controladores, modelos y vistas para ver carrera.' id='8562145' type='Code Task' indentLevel='2'>
        <attr name='CLDS-Time (Top Down)' value='0.2'/>
        <attr name='Time (Top Down)' value='0.2'/>
        <attr name='Time Per Person' value='0.2'/>
      </wbsNode>
      <wbsNode name='Creación y codificación de rutas, controladores, modelos y vistas para ver pagos libro.' id='8562146' type='Code Task' indentLevel='2'>
        <attr name='CLDS-Time (Top Down)' value='0.2'/>
        <attr name='Time (Top Down)' value='0.2'/>
        <attr name='Time Per Person' value='0.2'/>
      </wbsNode>
      <wbsNode name='Creación y codificación de rutas, controladores, modelos y vistas para ver pagos curso' id='8562147' type='Code Task' indentLevel='2'>
        <attr name='CLDS-Time (Top Down)' value='0.2'/>
        <attr name='Time (Top Down)' value='0.2'/>
        <attr name='Time Per Person' value='0.2'/>
      </wbsNode>
      <wbsNode name='Creación y codificación de rutas, controladores, modelos y vistas para ver grupo.' id='8562148' type='Code Task' indentLevel='2'>
        <attr name='CLDS-Time (Top Down)' value='0.2'/>
        <attr name='Time (Top Down)' value='0.2'/>
        <attr name='Time Per Person' value='0.2'/>
      </wbsNode>
      <wbsNode name='Creación y codificación de rutas, controladores, modelos y vistas para ver calificación.' id='8562149' type='Code Task' indentLevel='2'>
        <attr name='CLDS-Time (Top Down)' value='0.2'/>
        <attr name='Time (Top Down)' value='0.2'/>
        <attr name='Time Per Person' value='0.2'/>
      </wbsNode>
      <wbsNode name='Creación y codificación de rutas, controladores, modelos y vistas para ver numero de control de  alumno.' id='8562150' type='Code Task' indentLevel='2'>
        <attr name='CLDS-Time (Top Down)' value='0.2'/>
        <attr name='Time (Top Down)' value='0.2'/>
        <attr name='Time Per Person' value='0.2'/>
      </wbsNode>
      <wbsNode name='Verificación Creación de Arquitectura de Software' id='8562151' type='Code Task' indentLevel='2'>
        <attr name='CLDS-Time (Top Down)' value='0.5'/>
        <attr name='Time (Top Down)' value='0.5'/>
        <attr name='Time Per Person' value='0.5'/>
      </wbsNode>
      <wbsNode name='Overhead' id='8562152' type='Design Task' indentLevel='2'>
        <attr name='BMFG-Time (Top Down)' value='0.5'/>
        <attr name='CLDS-Time (Top Down)' value='0.5'/>
        <attr name='KYCS-Time (Top Down)' value='0.5'/>
        <attr name='Time (Top Down)' value='1.5'/>
        <attr name='Time Per Person' value='0.5'/>
      </wbsNode>
    <wbsNode name='Semana5' id='8561609' type='Software Component' indentLevel='1'/>
      <wbsNode name='Preparación para la reunión con el cliente avaces(Semana 5, Junta 3)' id='8562153' type='Documentation Task' indentLevel='2'>
        <attr name='BMFG-Time (Top Down)' value='1.0'/>
        <attr name='CLDS-Time (Top Down)' value='1.0'/>
        <attr name='FFS-Time (Top Down)' value='1.0'/>
        <attr name='KYCS-Time (Top Down)' value='1.0'/>
        <attr name='Time (Top Down)' value='4.0'/>
        <attr name='Time Per Person' value='1.0'/>
      </wbsNode>
      <wbsNode name='Reunión con el cliente  (Semana 5, Junta 3)' id='8562154' type='Documentation Task' indentLevel='2'>
        <attr name='BMFG-Time (Top Down)' value='1.0'/>
        <attr name='CLDS-Time (Top Down)' value='1.0'/>
        <attr name='FFS-Time (Top Down)' value='1.0'/>
        <attr name='KYCS-Time (Top Down)' value='1.0'/>
        <attr name='Time (Top Down)' value='4.0'/>
        <attr name='Time Per Person' value='1.0'/>
      </wbsNode>
      <wbsNode name='Preparación de Reunion Equipo(Semana 5)' id='8562155' type='Documentation Task' indentLevel='2'>
        <attr name='BMFG-Time (Top Down)' value='0.5'/>
        <attr name='CLDS-Time (Top Down)' value='1.0'/>
        <attr name='FFS-Time (Top Down)' value='0.5'/>
        <attr name='KYCS-Time (Top Down)' value='0.5'/>
        <attr name='Time (Top Down)' value='2.5'/>
        <attr name='Time Per Person' value='0.5'/>
      </wbsNode>
      <wbsNode name='Reunion en Equipo(Semana 5)' id='8562156' type='Documentation Task' indentLevel='2'>
        <attr name='BMFG-Time (Top Down)' value='1.0'/>
        <attr name='FFS-Time (Top Down)' value='1.0'/>
        <attr name='KYCS-Time (Top Down)' value='1.0'/>
        <attr name='Time (Top Down)' value='3.0'/>
        <attr name='Time Per Person' value='1.0'/>
      </wbsNode>
      <wbsNode name='Rol gerente Lider (Semana 5)' id='8562157' type='Design Task' indentLevel='2'>
        <attr name='KYCS-Time (Top Down)' value='1.0'/>
        <attr name='Time (Top Down)' value='1.0'/>
        <attr name='Time Per Person' value='1.0'/>
      </wbsNode>
      <wbsNode name='Rol gerente Planeación (Semana 5)' id='8562158' type='Design Task' indentLevel='2'>
        <attr name='CLDS-Time (Top Down)' value='1.0'/>
        <attr name='Time (Top Down)' value='1.0'/>
        <attr name='Time Per Person' value='1.0'/>
      </wbsNode>
      <wbsNode name='Rol gerente Desarrollo(Semana 5)' id='8562159' type='Design Task' indentLevel='2'>
        <attr name='BMFG-Time (Top Down)' value='1.0'/>
        <attr name='Time (Top Down)' value='1.0'/>
        <attr name='Time Per Person' value='1.0'/>
      </wbsNode>
      <wbsNode name='Rol gerente soporte (Semana 5)' id='8562160' type='Design Task' indentLevel='2'>
        <attr name='FFS-Time (Top Down)' value='1.0'/>
        <attr name='Time (Top Down)' value='1.0'/>
        <attr name='Time Per Person' value='1.0'/>
      </wbsNode>
      <wbsNode name='Rol gerente Calidad (Semana 5)' id='8562161' type='Design Task' indentLevel='2'>
        <attr name='BMFG-Time (Top Down)' value='0.2'/>
        <attr name='CLDS-Time (Top Down)' value='0.2'/>
        <attr name='FFS-Time (Top Down)' value='0.2'/>
        <attr name='KYCS-Time (Top Down)' value='0.2'/>
        <attr name='Time (Top Down)' value='0.8'/>
        <attr name='Time Per Person' value='0.2'/>
      </wbsNode>
      <wbsNode name='Crear plan de pruebas y casos de prueba' id='8562162' type='Documentation Task' indentLevel='2'>
        <attr name='FFS-Time (Top Down)' value='0.5'/>
        <attr name='Time (Top Down)' value='0.5'/>
        <attr name='Time Per Person' value='0.5'/>
      </wbsNode>
      <wbsNode name='Realizar pruebas con Laravel TestTools plugin para cada historia de usuario.' id='8562163' type='Code Task' indentLevel='2'>
        <attr name='BMFG-Time (Top Down)' value='0.5'/>
        <attr name='Time (Top Down)' value='0.5'/>
        <attr name='Time Per Person' value='0.5'/>
      </wbsNode>
      <wbsNode name='Pruebas Historia de usuario para agregar,eliminar,consultar, ver alumno.' id='8562164' type='Code Task' indentLevel='2'>
        <attr name='FFS-Time (Top Down)' value='0.5'/>
        <attr name='Time (Top Down)' value='0.5'/>
        <attr name='Time Per Person' value='0.5'/>
      </wbsNode>
      <wbsNode name='Realizar prueba de aceptación y corrección de la prueba de aceptación en caso de errores. (2)' id='8562165' type='Code Task' indentLevel='2'>
        <attr name='CLDS-Time (Top Down)' value='1.0'/>
        <attr name='Time (Top Down)' value='1.0'/>
        <attr name='Time Per Person' value='1.0'/>
      </wbsNode>
      <wbsNode name='Realizar prueba de unitarias y corrección de la prueba de unitaria en caso de errores. (2)' id='8562166' type='Code Task' indentLevel='2'>
        <attr name='BMFG-Time (Top Down)' value='0.5'/>
        <attr name='Time (Top Down)' value='0.5'/>
        <attr name='Time Per Person' value='0.5'/>
      </wbsNode>
      <wbsNode name='Realizar prueba de seguridad y corrección de la prueba de seguridad en caso de errores. (2)' id='8562167' type='Code Task' indentLevel='2'>
        <attr name='BMFG-Time (Top Down)' value='0.5'/>
        <attr name='Time (Top Down)' value='0.5'/>
        <attr name='Time Per Person' value='0.5'/>
      </wbsNode>
      <wbsNode name='Realizar prueba de integración y corrección de la prueba de integración en caso de obtener errores. (2)' id='8562168' type='Code Task' indentLevel='2'>
        <attr name='CLDS-Time (Top Down)' value='0.5'/>
        <attr name='Time (Top Down)' value='0.5'/>
        <attr name='Time Per Person' value='0.5'/>
      </wbsNode>
      <wbsNode name='Pruebas Historia de usuario para agregar,eliminar,consultar, ver  número de control del alumno' id='8562169' type='Code Task' indentLevel='2'>
        <attr name='FFS-Time (Top Down)' value='0.5'/>
        <attr name='Time (Top Down)' value='0.5'/>
        <attr name='Time Per Person' value='0.5'/>
      </wbsNode>
      <wbsNode name='Realizar prueba de aceptación y corrección de la prueba de aceptación en caso de errores. (3)' id='8562170' type='Code Task' indentLevel='2'>
        <attr name='FFS-Time (Top Down)' value='0.5'/>
        <attr name='Time (Top Down)' value='0.5'/>
        <attr name='Time Per Person' value='0.5'/>
      </wbsNode>
      <wbsNode name='Realizar prueba de unitarias y corrección de la prueba de unitaria en caso de errores. (3)' id='8562171' type='Code Task' indentLevel='2'>
        <attr name='KYCS-Time (Top Down)' value='0.5'/>
        <attr name='Time (Top Down)' value='0.5'/>
        <attr name='Time Per Person' value='0.5'/>
      </wbsNode>
      <wbsNode name='Realizar prueba de seguridad y corrección de la prueba de seguridad en caso de errores. (3)' id='8562172' type='Code Task' indentLevel='2'>
        <attr name='FFS-Time (Top Down)' value='0.2'/>
        <attr name='Time (Top Down)' value='0.2'/>
        <attr name='Time Per Person' value='0.2'/>
      </wbsNode>
      <wbsNode name='Realizar prueba de integración y corrección de la prueba de integración en caso de obtener errores. No crl alumno' id='8562173' type='Code Task' indentLevel='2'>
        <attr name='BMFG-Time (Top Down)' value='0.5'/>
        <attr name='CLDS-Time (Top Down)' value='0.5'/>
        <attr name='KYCS-Time (Top Down)' value='0.5'/>
        <attr name='Time (Top Down)' value='1.5'/>
        <attr name='Time Per Person' value='0.5'/>
      </wbsNode>
      <wbsNode name='Pruebas Historia de usuario para agregar,eliminar,consultar, ver carrera' id='8562174' type='Code Task' indentLevel='2'>
        <attr name='FFS-Time (Top Down)' value='0.2'/>
        <attr name='Time (Top Down)' value='0.2'/>
        <attr name='Time Per Person' value='0.2'/>
      </wbsNode>
      <wbsNode name='Realizar prueba de aceptación y corrección de la prueba de aceptación en caso de errores. carrera' id='8562175' type='Code Task' indentLevel='2'>
        <attr name='FFS-Time (Top Down)' value='0.2'/>
        <attr name='Time (Top Down)' value='0.2'/>
        <attr name='Time Per Person' value='0.2'/>
      </wbsNode>
      <wbsNode name='Realizar prueba de unitarias y corrección de la prueba de unitaria en caso de errores de carrera' id='8562176' type='Code Task' indentLevel='2'>
        <attr name='KYCS-Time (Top Down)' value='0.5'/>
        <attr name='Time (Top Down)' value='0.5'/>
        <attr name='Time Per Person' value='0.5'/>
      </wbsNode>
      <wbsNode name='Realizar prueba de seguridad y corrección de la prueba de seguridad en caso de errores. carrera' id='8562177' type='Code Task' indentLevel='2'>
        <attr name='BMFG-Time (Top Down)' value='0.5'/>
        <attr name='Time (Top Down)' value='0.5'/>
        <attr name='Time Per Person' value='0.5'/>
      </wbsNode>
      <wbsNode name='Realizar prueba de integración y corrección de la prueba de integración en caso de obtener errores. carrera' id='8562178' type='Code Task' indentLevel='2'>
        <attr name='FFS-Time (Top Down)' value='0.2'/>
        <attr name='Time (Top Down)' value='0.2'/>
        <attr name='Time Per Person' value='0.2'/>
      </wbsNode>
      <wbsNode name='Pruebas Historia de usuario para agregar,,eliminar,consultar, ver  calificación' id='8562179' type='Code Task' indentLevel='2'>
        <attr name='FFS-Time (Top Down)' value='0.2'/>
        <attr name='Time (Top Down)' value='0.2'/>
        <attr name='Time Per Person' value='0.2'/>
      </wbsNode>
      <wbsNode name='Realizar prueba de aceptación y corrección de la prueba de aceptación en caso de errores. calificacin' id='8562180' type='Code Task' indentLevel='2'>
        <attr name='FFS-Time (Top Down)' value='0.2'/>
        <attr name='Time (Top Down)' value='0.2'/>
        <attr name='Time Per Person' value='0.2'/>
      </wbsNode>
      <wbsNode name='Realizar prueba de unitarias y corrección de la prueba de unitaria en caso de errores de calificacion' id='8562181' type='Code Task' indentLevel='2'>
        <attr name='BMFG-Time (Top Down)' value='0.5'/>
        <attr name='KYCS-Time (Top Down)' value='0.5'/>
        <attr name='Time (Top Down)' value='1.0'/>
        <attr name='Time Per Person' value='0.5'/>
      </wbsNode>
      <wbsNode name='Realizar prueba de seguridad y corrección de la prueba de seguridad en caso de errores. calificacion' id='8562182' type='Code Task' indentLevel='2'>
        <attr name='BMFG-Time (Top Down)' value='0.5'/>
        <attr name='Time (Top Down)' value='0.5'/>
        <attr name='Time Per Person' value='0.5'/>
      </wbsNode>
      <wbsNode name='Realizar prueba de integración y corrección de la prueba de integración en caso de obtener errores. calificacion' id='8562183' type='Code Task' indentLevel='2'>
        <attr name='FFS-Time (Top Down)' value='0.5'/>
        <attr name='Time (Top Down)' value='0.5'/>
        <attr name='Time Per Person' value='0.5'/>
      </wbsNode>
      <wbsNode name='Pruebas Historia de usuario para agregar,eliminar,consultar, ver pagos libro.' id='8562184' type='Code Task' indentLevel='2'>
        <attr name='FFS-Time (Top Down)' value='0.5'/>
        <attr name='Time (Top Down)' value='0.5'/>
        <attr name='Time Per Person' value='0.5'/>
      </wbsNode>
      <wbsNode name='Realizar prueba de aceptación y corrección de la prueba de aceptación en caso de errores de pagos libro' id='8562185' type='Code Task' indentLevel='2'>
        <attr name='CLDS-Time (Top Down)' value='0.5'/>
        <attr name='Time (Top Down)' value='0.5'/>
        <attr name='Time Per Person' value='0.5'/>
      </wbsNode>
      <wbsNode name='Realizar prueba de unitarias y corrección de la prueba de unitaria en caso de errores pagos libro' id='8562186' type='Code Task' indentLevel='2'>
        <attr name='KYCS-Time (Top Down)' value='0.5'/>
        <attr name='Time (Top Down)' value='0.5'/>
        <attr name='Time Per Person' value='0.5'/>
      </wbsNode>
      <wbsNode name='Realizar prueba de seguridad y corrección de la prueba de seguridad en caso de errores. pagos libro' id='8562187' type='Code Task' indentLevel='2'>
        <attr name='BMFG-Time (Top Down)' value='0.5'/>
        <attr name='Time (Top Down)' value='0.5'/>
        <attr name='Time Per Person' value='0.5'/>
      </wbsNode>
      <wbsNode name='Realizar prueba de integración y corrección de la prueba de integración en caso de obtener errores de pagos libro' id='8562188' type='Code Task' indentLevel='2'>
        <attr name='FFS-Time (Top Down)' value='0.5'/>
        <attr name='Time (Top Down)' value='0.5'/>
        <attr name='Time Per Person' value='0.5'/>
      </wbsNode>
      <wbsNode name='Pruebas Historia de usuario para agregar,eliminar,consultar, ver pagos curso.' id='8562189' type='Code Task' indentLevel='2'>
        <attr name='FFS-Time (Top Down)' value='0.5'/>
        <attr name='Time (Top Down)' value='0.5'/>
        <attr name='Time Per Person' value='0.5'/>
      </wbsNode>
      <wbsNode name='Realizar prueba de aceptación y corrección de la prueba de aceptación en caso de errores. pagos curso' id='8562190' type='Code Task' indentLevel='2'>
        <attr name='BMFG-Time (Top Down)' value='5.0'/>
        <attr name='Time (Top Down)' value='5.0'/>
        <attr name='Time Per Person' value='5.0'/>
      </wbsNode>
      <wbsNode name='Realizar prueba de unitarias y corrección de la prueba de unitaria en caso de errores pagos curso' id='8562191' type='Code Task' indentLevel='2'>
        <attr name='KYCS-Time (Top Down)' value='0.5'/>
        <attr name='Time (Top Down)' value='0.5'/>
        <attr name='Time Per Person' value='0.5'/>
      </wbsNode>
      <wbsNode name='Realizar prueba de seguridad y corrección de la prueba de seguridad en caso de errores de pagos curso' id='8562192' type='Code Task' indentLevel='2'>
        <attr name='KYCS-Time (Top Down)' value='0.5'/>
        <attr name='Time (Top Down)' value='0.5'/>
        <attr name='Time Per Person' value='0.5'/>
      </wbsNode>
      <wbsNode name='Realizar prueba de integración y corrección de la prueba de integración en caso de obtener errores. (7)' id='8562193' type='Code Task' indentLevel='2'>
        <attr name='FFS-Time (Top Down)' value='0.5'/>
        <attr name='Time (Top Down)' value='0.5'/>
        <attr name='Time Per Person' value='0.5'/>
      </wbsNode>
      <wbsNode name='Pruebas Historia de usuario para agregar,eliminar,consultar, ver grupo' id='8562194' type='Code Task' indentLevel='2'>
        <attr name='FFS-Time (Top Down)' value='0.5'/>
        <attr name='Time (Top Down)' value='0.5'/>
        <attr name='Time Per Person' value='0.5'/>
      </wbsNode>
      <wbsNode name='Realizar prueba de aceptación y corrección de la prueba de aceptación en caso de errores.grupo' id='8562195' type='Code Task' indentLevel='2'>
        <attr name='BMFG-Time (Top Down)' value='0.5'/>
        <attr name='Time (Top Down)' value='0.5'/>
        <attr name='Time Per Person' value='0.5'/>
      </wbsNode>
      <wbsNode name='Realizar prueba de unitarias y corrección de la prueba de unitaria en caso de errores de grupo' id='8562196' type='Code Task' indentLevel='2'>
        <attr name='KYCS-Time (Top Down)' value='0.5'/>
        <attr name='Time (Top Down)' value='0.5'/>
        <attr name='Time Per Person' value='0.5'/>
      </wbsNode>
      <wbsNode name='Realizar prueba de seguridad y corrección de la prueba de seguridad en caso de errores. grupo' id='8562197' type='Code Task' indentLevel='2'>
        <attr name='BMFG-Time (Top Down)' value='0.5'/>
        <attr name='Time (Top Down)' value='0.5'/>
        <attr name='Time Per Person' value='0.5'/>
      </wbsNode>
      <wbsNode name='Realizar prueba de integración y corrección de la prueba de integración en caso de obtener errores. grupo' id='8562198' type='Code Task' indentLevel='2'>
        <attr name='BMFG-Time (Top Down)' value='0.5'/>
        <attr name='Time (Top Down)' value='0.5'/>
        <attr name='Time Per Person' value='0.5'/>
      </wbsNode>
      <wbsNode name='Creación y codificación de rutas para las consultas por; alumno,carrera, grupo, individual, número de control.' id='8562199' type='Code Task' indentLevel='2'>
        <attr name='CLDS-Time (Top Down)' value='0.7'/>
        <attr name='KYCS-Time (Top Down)' value='0.7'/>
        <attr name='Time (Top Down)' value='1.4'/>
        <attr name='Time Per Person' value='0.7'/>
      </wbsNode>
      <wbsNode name='Creación y codificación de controlador para las consultas por; alumno,carrera, grupo, individual, número de control.' id='8562200' type='Code Task' indentLevel='2'>
        <attr name='CLDS-Time (Top Down)' value='1.0'/>
        <attr name='KYCS-Time (Top Down)' value='0.5'/>
        <attr name='Time (Top Down)' value='1.5'/>
        <attr name='Time Per Person' value='1.0'/>
      </wbsNode>
      <wbsNode name='Creación y codificación de modelo para las consultas por; alumno,carrera, grupo, individual, número de control.' id='8562201' type='Code Task' indentLevel='2'>
        <attr name='KYCS-Time (Top Down)' value='0.5'/>
        <attr name='Time (Top Down)' value='0.5'/>
        <attr name='Time Per Person' value='0.5'/>
      </wbsNode>
      <wbsNode name='Overhead' id='8562202' type='Design Task' indentLevel='2'>
        <attr name='BMFG-Time (Top Down)' value='0.5'/>
        <attr name='CLDS-Time (Top Down)' value='0.5'/>
        <attr name='KYCS-Time (Top Down)' value='0.5'/>
        <attr name='Time (Top Down)' value='1.5'/>
        <attr name='Time Per Person' value='0.5'/>
      </wbsNode>
    <wbsNode name='Semana6' id='8561610' type='Software Component' indentLevel='1'/>
      <wbsNode name='Preparación para la reunión Equipo (Semana6)' id='8562203' type='Documentation Task' indentLevel='2'>
        <attr name='BMFG-Time (Top Down)' value='0.5'/>
        <attr name='CLDS-Time (Top Down)' value='1.0'/>
        <attr name='FFS-Time (Top Down)' value='0.5'/>
        <attr name='KYCS-Time (Top Down)' value='0.5'/>
        <attr name='Time (Top Down)' value='2.5'/>
        <attr name='Time Per Person' value='0.5'/>
      </wbsNode>
      <wbsNode name='Reunión Equipo (semana 6)' id='8562204' type='Documentation Task' indentLevel='2'>
        <attr name='BMFG-Time (Top Down)' value='1.0'/>
        <attr name='CLDS-Time (Top Down)' value='1.0'/>
        <attr name='FFS-Time (Top Down)' value='1.0'/>
        <attr name='KYCS-Time (Top Down)' value='1.0'/>
        <attr name='Time (Top Down)' value='4.0'/>
        <attr name='Time Per Person' value='1.0'/>
      </wbsNode>
      <wbsNode name='Rol Lider (Semana6)' id='8562205' type='Design Task' indentLevel='2'>
        <attr name='KYCS-Time (Top Down)' value='1.0'/>
        <attr name='Time (Top Down)' value='1.0'/>
        <attr name='Time Per Person' value='1.0'/>
      </wbsNode>
      <wbsNode name='Rol gerente Planeación (Semana6)' id='8562206' type='Design Task' indentLevel='2'>
        <attr name='CLDS-Time (Top Down)' value='1.0'/>
        <attr name='Time (Top Down)' value='1.0'/>
        <attr name='Time Per Person' value='1.0'/>
      </wbsNode>
      <wbsNode name='Rol gerente Desarrollo (Semana6)' id='8562207' type='Design Task' indentLevel='2'>
        <attr name='BMFG-Time (Top Down)' value='1.0'/>
        <attr name='Time (Top Down)' value='1.0'/>
        <attr name='Time Per Person' value='1.0'/>
      </wbsNode>
      <wbsNode name='Rol gerente soporte (Semana6)' id='8562208' type='Design Task' indentLevel='2'>
        <attr name='FFS-Time (Top Down)' value='1.0'/>
        <attr name='Time (Top Down)' value='1.0'/>
        <attr name='Time Per Person' value='1.0'/>
      </wbsNode>
      <wbsNode name='Rol gerente Calidad (Semana6)' id='8562209' type='Design Task' indentLevel='2'>
        <attr name='BMFG-Time (Top Down)' value='0.2'/>
        <attr name='CLDS-Time (Top Down)' value='0.2'/>
        <attr name='FFS-Time (Top Down)' value='0.2'/>
        <attr name='KYCS-Time (Top Down)' value='0.2'/>
        <attr name='Time (Top Down)' value='0.8'/>
        <attr name='Time Per Person' value='0.2'/>
      </wbsNode>
      <wbsNode name='Creación de Manual de  Mantenimiento' id='8562210' type='Documentation Task' indentLevel='2'>
        <attr name='BMFG-Time (Top Down)' value='1.0'/>
        <attr name='Time (Top Down)' value='1.0'/>
        <attr name='Time Per Person' value='1.0'/>
      </wbsNode>
      <wbsNode name='Revisión manual de mantenimiento' id='8562211' type='Documentation Task' indentLevel='2'>
        <attr name='CLDS-Time (Top Down)' value='2.0'/>
        <attr name='FFS-Time (Top Down)' value='1.0'/>
        <attr name='KYCS-Time (Top Down)' value='1.0'/>
        <attr name='Time (Top Down)' value='4.0'/>
        <attr name='Time Per Person' value='1.0'/>
      </wbsNode>
      <wbsNode name='Corrección manual de mantenimieto.' id='8562212' type='Documentation Task' indentLevel='2'>
        <attr name='BMFG-Time (Top Down)' value='1.0'/>
        <attr name='Time (Top Down)' value='1.0'/>
        <attr name='Time Per Person' value='1.0'/>
      </wbsNode>
      <wbsNode name='Creación de Manual de Usuario' id='8562213' type='Documentation Task' indentLevel='2'>
        <attr name='BMFG-Time (Top Down)' value='1.0'/>
        <attr name='Time (Top Down)' value='1.0'/>
        <attr name='Time Per Person' value='1.0'/>
      </wbsNode>
      <wbsNode name='Revisión manual de usuario' id='8562214' type='Documentation Task' indentLevel='2'>
        <attr name='FFS-Time (Top Down)' value='2.0'/>
        <attr name='KYCS-Time (Top Down)' value='1.0'/>
        <attr name='Time (Top Down)' value='3.0'/>
        <attr name='Time Per Person' value='1.0'/>
      </wbsNode>
      <wbsNode name='Corrección manual de usuario' id='8562215' type='Documentation Task' indentLevel='2'>
        <attr name='BMFG-Time (Top Down)' value='1.0'/>
        <attr name='FFS-Time (Top Down)' value='2.0'/>
        <attr name='KYCS-Time (Top Down)' value='1.0'/>
        <attr name='Time (Top Down)' value='4.0'/>
        <attr name='Time Per Person' value='1.0'/>
      </wbsNode>
      <wbsNode name='Creación de Manual de Operación' id='8562216' type='Documentation Task' indentLevel='2'>
        <attr name='BMFG-Time (Top Down)' value='1.0'/>
        <attr name='Time (Top Down)' value='1.0'/>
        <attr name='Time Per Person' value='1.0'/>
      </wbsNode>
      <wbsNode name='Revisión manual de Operación' id='8562217' type='Documentation Task' indentLevel='2'>
        <attr name='CLDS-Time (Top Down)' value='3.0'/>
        <attr name='FFS-Time (Top Down)' value='1.0'/>
        <attr name='KYCS-Time (Top Down)' value='2.0'/>
        <attr name='Time (Top Down)' value='6.0'/>
        <attr name='Time Per Person' value='3.0'/>
      </wbsNode>
      <wbsNode name='Corrección manual de operación' id='8562218' type='Documentation Task' indentLevel='2'>
        <attr name='BMFG-Time (Top Down)' value='1.0'/>
        <attr name='Time (Top Down)' value='1.0'/>
        <attr name='Time Per Person' value='1.0'/>
      </wbsNode>
      <wbsNode name='Revisión del sistema por el cliente' id='8562219' type='Documentation Task' indentLevel='2'>
        <attr name='BMFG-Time (Top Down)' value='1.0'/>
        <attr name='Time (Top Down)' value='1.0'/>
        <attr name='Time Per Person' value='1.0'/>
      </wbsNode>
      <wbsNode name='Realizar correciones en caso de que existan' id='8562220' type='Documentation Task' indentLevel='2'>
        <attr name='BMFG-Time (Top Down)' value='1.0'/>
        <attr name='FFS-Time (Top Down)' value='1.0'/>
        <attr name='Time (Top Down)' value='2.0'/>
        <attr name='Time Per Person' value='1.0'/>
      </wbsNode>
      <wbsNode name='Validación por el cliente' id='8562221' type='Documentation Task' indentLevel='2'>
        <attr name='CLDS-Time (Top Down)' value='2.0'/>
        <attr name='FFS-Time (Top Down)' value='1.0'/>
        <attr name='KYCS-Time (Top Down)' value='3.0'/>
        <attr name='Time (Top Down)' value='6.0'/>
        <attr name='Time Per Person' value='2.0'/>
      </wbsNode>
    <wbsNode name='Semana7' id='8561611' type='Software Component' indentLevel='1'/>
      <wbsNode name='Preparación para la reunión con equipo(Semana 7)' id='8562222' type='Documentation Task' indentLevel='2'>
        <attr name='BMFG-Time (Top Down)' value='0.5'/>
        <attr name='CLDS-Time (Top Down)' value='1.0'/>
        <attr name='FFS-Time (Top Down)' value='0.5'/>
        <attr name='KYCS-Time (Top Down)' value='0.5'/>
        <attr name='Time (Top Down)' value='2.5'/>
        <attr name='Time Per Person' value='0.5'/>
      </wbsNode>
      <wbsNode name='Reunión con el Equipo (semana 7)' id='8562223' type='Documentation Task' indentLevel='2'>
        <attr name='BMFG-Time (Top Down)' value='1.0'/>
        <attr name='CLDS-Time (Top Down)' value='1.0'/>
        <attr name='FFS-Time (Top Down)' value='1.0'/>
        <attr name='KYCS-Time (Top Down)' value='1.0'/>
        <attr name='Time (Top Down)' value='4.0'/>
        <attr name='Time Per Person' value='1.0'/>
      </wbsNode>
      <wbsNode name='Rol Lider (semana 7)' id='8562224' type='Design Task' indentLevel='2'>
        <attr name='KYCS-Time (Top Down)' value='1.0'/>
        <attr name='Time (Top Down)' value='1.0'/>
        <attr name='Time Per Person' value='1.0'/>
      </wbsNode>
      <wbsNode name='Rol gerente Planeación (semana 7)' id='8562225' type='Design Task' indentLevel='2'>
        <attr name='CLDS-Time (Top Down)' value='1.0'/>
        <attr name='Time (Top Down)' value='1.0'/>
        <attr name='Time Per Person' value='1.0'/>
      </wbsNode>
      <wbsNode name='Rol gerente Desarrollo (semana 7)' id='8562226' type='Design Task' indentLevel='2'>
        <attr name='BMFG-Time (Top Down)' value='2.0'/>
        <attr name='Time (Top Down)' value='2.0'/>
        <attr name='Time Per Person' value='2.0'/>
      </wbsNode>
      <wbsNode name='Rol gerente soporte (semana 7)' id='8562227' type='Design Task' indentLevel='2'>
        <attr name='BMFG-Time (Top Down)' value='2.0'/>
        <attr name='FFS-Time (Top Down)' value='1.0'/>
        <attr name='Time (Top Down)' value='3.0'/>
        <attr name='Time Per Person' value='1.0'/>
      </wbsNode>
      <wbsNode name='Rol gerente Calidad  (semana 7)' id='8562228' type='Design Task' indentLevel='2'>
        <attr name='BMFG-Time (Top Down)' value='0.2'/>
        <attr name='CLDS-Time (Top Down)' value='0.2'/>
        <attr name='FFS-Time (Top Down)' value='0.2'/>
        <attr name='KYCS-Time (Top Down)' value='0.2'/>
        <attr name='Time (Top Down)' value='0.8'/>
        <attr name='Time Per Person' value='0.2'/>
      </wbsNode>
      <wbsNode name='Tomar nota de últimos detalles vistos por el cliente' id='8562229' type='Documentation Task' indentLevel='2'>
        <attr name='CLDS-Time (Top Down)' value='4.0'/>
        <attr name='FFS-Time (Top Down)' value='4.0'/>
        <attr name='KYCS-Time (Top Down)' value='4.0'/>
        <attr name='Time (Top Down)' value='12.0'/>
        <attr name='Time Per Person' value='4.0'/>
      </wbsNode>
      <wbsNode name='Hacer correciones' id='8562230' type='Code Task' indentLevel='2'>
        <attr name='BMFG-Time (Top Down)' value='2.0'/>
        <attr name='CLDS-Time (Top Down)' value='1.6'/>
        <attr name='FFS-Time (Top Down)' value='4.0'/>
        <attr name='KYCS-Time (Top Down)' value='2.0'/>
        <attr name='Time (Top Down)' value='9.6'/>
        <attr name='Time Per Person' value='2.0'/>
      </wbsNode>
      <wbsNode name='Validaciones y funcionalidades del producto' id='8562231' type='Design Inspect Task' indentLevel='2'>
        <attr name='BMFG-Time (Top Down)' value='1.5'/>
        <attr name='Time (Top Down)' value='1.5'/>
        <attr name='Time Per Person' value='1.5'/>
      </wbsNode>
      <wbsNode name='Verificar calidad del producto' id='8562232' type='Design Inspect Task' indentLevel='2'>
        <attr name='BMFG-Time (Top Down)' value='1.5'/>
        <attr name='Time (Top Down)' value='1.5'/>
        <attr name='Time Per Person' value='1.5'/>
      </wbsNode>
      <wbsNode name='Implementación del hosting' id='8562233' type='Code Task' indentLevel='2'>
        <attr name='BMFG-Time (Top Down)' value='1.0'/>
        <attr name='CLDS-Time (Top Down)' value='1.0'/>
        <attr name='FFS-Time (Top Down)' value='1.0'/>
        <attr name='KYCS-Time (Top Down)' value='1.0'/>
        <attr name='Time (Top Down)' value='4.0'/>
        <attr name='Time Per Person' value='1.0'/>
      </wbsNode>
      <wbsNode name='Realizar Pruebas en el servidor' id='8562234' type='Code Task' indentLevel='2'>
        <attr name='CLDS-Time (Top Down)' value='1.6'/>
        <attr name='KYCS-Time (Top Down)' value='1.6'/>
        <attr name='Time (Top Down)' value='3.2'/>
        <attr name='Time Per Person' value='1.6'/>
      </wbsNode>
    <wbsNode name='Semana8' id='8561612' type='Software Component' indentLevel='1'/>
      <wbsNode name='Preparación para la reunión con el Cliente (Semana 8, última reunion4)' id='8562235' type='Documentation Task' indentLevel='2'>
        <attr name='BMFG-Time (Top Down)' value='0.5'/>
        <attr name='CLDS-Time (Top Down)' value='1.0'/>
        <attr name='FFS-Time (Top Down)' value='1.0'/>
        <attr name='KYCS-Time (Top Down)' value='0.5'/>
        <attr name='Time (Top Down)' value='3.0'/>
        <attr name='Time Per Person' value='0.5'/>
      </wbsNode>
      <wbsNode name='Reunión con el cliente para los avances de equipo(semana 8, reunion 4)' id='8562236' type='Documentation Task' indentLevel='2'>
        <attr name='BMFG-Time (Top Down)' value='1.0'/>
        <attr name='CLDS-Time (Top Down)' value='1.0'/>
        <attr name='FFS-Time (Top Down)' value='1.0'/>
        <attr name='KYCS-Time (Top Down)' value='1.0'/>
        <attr name='Time (Top Down)' value='4.0'/>
        <attr name='Time Per Person' value='1.0'/>
      </wbsNode>
      <wbsNode name='Rol Lider (semana 8)' id='8562237' type='Design Task' indentLevel='2'>
        <attr name='FFS-Time (Top Down)' value='1.0'/>
        <attr name='KYCS-Time (Top Down)' value='1.0'/>
        <attr name='Time (Top Down)' value='2.0'/>
        <attr name='Time Per Person' value='1.0'/>
      </wbsNode>
      <wbsNode name='Rol gerente Planeación (semana 8)' id='8562238' type='Design Task' indentLevel='2'>
        <attr name='CLDS-Time (Top Down)' value='1.0'/>
        <attr name='FFS-Time (Top Down)' value='1.0'/>
        <attr name='Time (Top Down)' value='2.0'/>
        <attr name='Time Per Person' value='1.0'/>
      </wbsNode>
      <wbsNode name='Rol gerente Desarrollo (semana 8)' id='8562239' type='Design Task' indentLevel='2'>
        <attr name='BMFG-Time (Top Down)' value='1.0'/>
        <attr name='Time (Top Down)' value='1.0'/>
        <attr name='Time Per Person' value='1.0'/>
      </wbsNode>
      <wbsNode name='Rol gerente soporte (semana 8)' id='8562240' type='Design Task' indentLevel='2'>
        <attr name='FFS-Time (Top Down)' value='1.0'/>
        <attr name='Time (Top Down)' value='1.0'/>
        <attr name='Time Per Person' value='1.0'/>
      </wbsNode>
      <wbsNode name='Rol gerente Calidad (semana 8)' id='8562241' type='Design Task' indentLevel='2'>
        <attr name='BMFG-Time (Top Down)' value='0.2'/>
        <attr name='CLDS-Time (Top Down)' value='0.2'/>
        <attr name='FFS-Time (Top Down)' value='0.2'/>
        <attr name='KYCS-Time (Top Down)' value='0.2'/>
        <attr name='Time (Top Down)' value='0.8'/>
        <attr name='Time Per Person' value='0.2'/>
      </wbsNode>
      <wbsNode name='Preparación del SW (pre-entrega)' id='8562242' type='Documentation Task' indentLevel='2'>
        <attr name='BMFG-Time (Top Down)' value='0.3'/>
        <attr name='CLDS-Time (Top Down)' value='4.0'/>
        <attr name='FFS-Time (Top Down)' value='1.0'/>
        <attr name='KYCS-Time (Top Down)' value='4.0'/>
        <attr name='Time (Top Down)' value='9.3'/>
        <attr name='Time Per Person' value='4.0'/>
      </wbsNode>
      <wbsNode name='Entrega del producto' id='8562243' type='Documentation Task' indentLevel='2'>
        <attr name='BMFG-Time (Top Down)' value='1.0'/>
        <attr name='CLDS-Time (Top Down)' value='1.0'/>
        <attr name='FFS-Time (Top Down)' value='1.0'/>
        <attr name='KYCS-Time (Top Down)' value='1.0'/>
        <attr name='Time (Top Down)' value='4.0'/>
        <attr name='Time Per Person' value='1.0'/>
      </wbsNode>
      <wbsNode name='Instalación del sistema' id='8562244' type='Code Task' indentLevel='2'>
        <attr name='BMFG-Time (Top Down)' value='1.0'/>
        <attr name='CLDS-Time (Top Down)' value='1.0'/>
        <attr name='FFS-Time (Top Down)' value='1.0'/>
        <attr name='KYCS-Time (Top Down)' value='1.0'/>
        <attr name='Time (Top Down)' value='4.0'/>
        <attr name='Time Per Person' value='1.0'/>
      </wbsNode>
</wbsModel>
